team,rating,change
England,2003.0,3
Scotland,1997.0,-3
England,2014.0,11
Scotland,1986.0,-11
England,2006.0,-8
Scotland,1994.0,8
England,2003.0,-3
Scotland,1997.0,3
Scotland,2010.0,13
England,1990.0,-13
Scotland,2011.0,1
Wales,1499.0,-1
Wales,1511.0,6
Ireland,1291.0,-6
England,1901.0,1
Ireland,1290.0,-1
England,1898.0,5
Ireland,1277.0,-5
Wales,1559.0,24
Ireland,1252.0,-24
Wales,1566.0,7
Ireland,1245.0,-7
England,1925.0,1
Ireland,1240.0,-1
Scotland,2083.0,0
Ireland,1240.0,0
England,1986.0,2
Ireland,1273.0,-2
Wales,1535.0,18
Ireland,1253.0,-18
Wales,1547.0,12
Ireland,1241.0,-12
Scotland,2049.0,1
Ireland,1237.0,-1
Scotland,2043.0,0
Ireland,1297.0,0
Scotland,1991.0,1
Ireland,1305.0,-1
Wales,1439.0,17
Ireland,1310.0,-17
England,2066.0,1
Ireland,1308.0,-1
England,2050.0,1
Ireland,1325.0,-1
Wales,1476.0,20
Ireland,1338.0,-20
Argentina,1939.0,-24
Uruguay,1922.0,24
Hungary,1865.0,4
Sweden,1691.0,19
Germany,1660.0,-19
Switzerland,1543.0,-4
France,1529.0,12
Luxembourg,1288.0,-12
China,1566.0,-34
Philippines,1234.0,34
China,1552.0,-17
Philippines,1248.0,17
China,1566.0,25
Japan,1275.0,-25
Spain,2026.0,26
England,1950.0,-86
Denmark,1925.0,-26
Netherlands,1916.0,3
Czechoslovakia,1891.0,24
Sweden,1696.0,24
Egypt,1664.0,-36
Italy,1662.0,36
Yugoslavia,1576.0,-24
Norway,1569.0,86
Greece,1363.0,-24
Luxembourg,1297.0,-3
Hungary,1929.0,5
Italy,1680.0,-5
Curaçao,1609.0,9
Aruba,1291.0,-9
Netherlands,1812.0,4
Germany,1667.0,-4
Jamaica,1435.0,9
Haiti,1265.0,-9
Curaçao,1607.0,4
Haiti,1267.0,-4
Uruguay,2015.0,1
Czechoslovakia,1869.0,7
Italy,1740.0,-7
Bolivia,1265.0,-1
Sweden,1828.0,-9
Netherlands,1769.0,9
Peru,1592.0,4
Bolivia,1258.0,-4
Egypt,1698.0,-7
Azerbaijan,1570.0,9
Luxembourg,1286.0,7
Armenia,1267.0,-9
Argentina,2071.0,-8
Uruguay,1967.0,8
Belgium,1651.0,-16
Romania,1577.0,16
France,1524.0,16
Greece,1377.0,-16
Philippines,1248.0,-44
Japan,1200.0,44
United States,1783.0,61
Paraguay,1717.0,-61
Yugoslavia,1653.0,11
Bolivia,1247.0,-11
Denmark,1728.0,-35
Finland,1484.0,35
Latvia,1358.0,9
Estonia,1286.0,-9
Czechoslovakia,1832.0,5
France,1599.0,-5
Bulgaria,1464.0,17
Greece,1273.0,-17
Trinidad and Tobago,1534.0,7
Barbados,1252.0,-7
England,2006.0,-13
Hungary,1828.0,13
Netherlands,1706.0,-15
France,1624.0,15
Belgium,1548.0,3
Luxembourg,1257.0,-3
Germany,1887.0,3
Yugoslavia,1659.0,12
Poland,1604.0,-12
Finland,1490.0,-2
Luxembourg,1256.0,-1
England,1941.0,-18
Ireland,1628.0,7
Belgium,1524.0,18
Luxembourg,1249.0,-7
Latvia,1315.0,12
Estonia,1251.0,-12
Estonia,1252.0,13
Lithuania,1168.0,-13
Saint Vincent and the Grenadines,1394.0,-6
Barbados,1252.0,6
Italy,2035.0,-36
Austria,1942.0,36
Germany,1818.0,7
France,1605.0,-6
Luxembourg,1245.0,-1
Estonia,1255.0,11
Lithuania,1157.0,-11
Sweden,1707.0,3
Estonia,1252.0,-3
Greece,1343.0,37
Palestine,1255.0,-37
Colombia,1376.0,15
Venezuela,1250.0,-15
Italy,2126.0,1
Germany,1767.0,-20
Luxembourg,1250.0,19
Cuba,1529.0,11
Panama,1249.0,-11
Lebanon,1284.0,-16
Palestine,1261.0,16
Estonia,1251.0,-6
Lithuania,1122.0,6
Argentina,2100.0,14
Uruguay,1912.0,-14
Peru,1721.0,7
Ecuador,1264.0,-7
Uruguay,1964.0,9
Paraguay,1710.0,-9
Peru,1686.0,4
Ecuador,1253.0,-4
Argentina,2104.0,-23
Brazil,1882.0,2
Chile,1576.0,23
Ecuador,1251.0,-2
Latvia,1399.0,8
Estonia,1253.0,-8
Aruba,1329.0,-31
Venezuela,1248.0,31
Trinidad and Tobago,1575.0,5
Barbados,1259.0,-5
Argentina,2070.0,-20
Chile,1635.0,20
Bolivia,1307.0,-5
Ecuador,1240.0,5
Costa Rica,1654.0,22
Guatemala,1545.0,-19
El Salvador,1506.0,-22
Honduras,1387.0,14
Panama,1246.0,19
Nicaragua,995.0,-14
Costa Rica,1683.0,21
Guatemala,1447.0,-21
Panama,1346.0,16
Venezuela,1251.0,-16
Argentina,2083.0,2
Spain,1887.0,-13
Uruguay,1821.0,-2
Ireland,1699.0,13
Curaçao,1589.0,12
Trinidad and Tobago,1555.0,-12
Surinam,1414.0,10
French Guiana,1262.0,-10
Martinique,1565.0,18
Surinam,1495.0,-18
Guadeloupe,1472.0,12
French Guiana,1249.0,-12
Colombia,1348.0,-70
Ecuador,1253.0,70
Surinam,1485.0,5
French Guiana,1244.0,-5
Kenya,1330.0,-23
Tanganyika,1257.0,23
Jamaica,1393.0,-22
Barbados,1253.0,22
Tanganyika,1260.0,3
Zanzibar,968.0,-3
Pakistan,1415.0,13
Burma,1261.0,-13
Surinam,1494.0,17
Sierra Leone,1383.0,-10
Gambia,1310.0,10
British Guiana,1248.0,-17
Peru,1718.0,2
Ecuador,1251.0,-2
Northern Rhodesia,1558.0,-22
Egypt,1543.0,9
Southern Rhodesia,1523.0,22
Syria,1334.0,21
Palestine,1252.0,-9
Jordan,1179.0,-21
British Guiana,1252.0,12
Barbados,1252.0,-12
India,1667.0,10
Burma,1258.0,-10
Scotland,1902.0,2
Norway,1630.0,-2
India,1598.0,-54
Indonesia,1546.0,54
Southern Rhodesia,1528.0,5
Pakistan,1432.0,-32
Israel,1429.0,-5
Burma,1267.0,32
Uruguay,1963.0,2
Paraguay,1806.0,-6
Peru,1738.0,6
Ecuador,1257.0,-2
India,1524.0,-5
Armenia,1247.0,5
India,1533.0,13
Burma,1249.0,-13
China,1536.0,5
Burma,1254.0,-5
Surinam,1505.0,-4
British Guiana,1256.0,4
India,1554.0,8
Burma,1251.0,-8
Argentina,2079.0,1
Uruguay,1886.0,-49
Colombia,1352.0,49
Ecuador,1252.0,-1
Brazil,2056.0,1
Chile,1746.0,5
Colombia,1347.0,-5
Ecuador,1251.0,-1
France,1872.0,5
Norway,1659.0,14
South Vietnam,1398.0,10
Finland,1334.0,-14
Malaya,1315.0,17
Iceland,1293.0,-5
Singapore,1259.0,-10
Burma,1248.0,-17
Thailand,1197.0,20
Cambodia,1075.0,-20
Netherlands,1690.0,8
Curaçao,1499.0,-8
Hong Kong,1478.0,12
Singapore,1250.0,-12
Belgium,1663.0,18
South Korea,1659.0,3
Switzerland,1607.0,-18
India,1571.0,6
Iran,1506.0,-49
Israel,1494.0,49
Japan,1313.0,-36
Burma,1249.0,-6
Singapore,1228.0,-3
Philippines,1094.0,36
Japan,1308.0,10
Panama,1251.0,4
Singapore,1205.0,-10
Puerto Rico,880.0,-4
Barbados,1249.0,16
British Guiana,1248.0,-16
North Korea,1718.0,2
North Vietnam,1245.0,-2
Brazil,2091.0,1
Ecuador,1255.0,-1
Ghana,1768.0,15
Costa Rica,1687.0,-10
Nigeria,1614.0,-15
Norway,1504.0,7
Guatemala,1410.0,10
Finland,1257.0,-7
France,1875.0,2
Trinidad and Tobago,1517.0,-3
Martinique,1508.0,3
Honduras,1433.0,-7
Guatemala,1417.0,7
Finland,1255.0,-2
Hungary,1953.0,-16
Czechoslovakia,1923.0,6
Spain,1919.0,-18
Sweden,1910.0,6
Austria,1844.0,18
France,1838.0,-6
Netherlands,1721.0,-6
Morocco,1687.0,7
Belgium,1639.0,16
Tunisia,1510.0,-7
East Germany,1484.0,5
Finland,1250.0,-5
Bulgaria,1765.0,5
Finland,1245.0,-5
Morocco,1700.0,3
United Arab Republic,1689.0,10
Libya,1424.0,29
Lebanon,1349.0,-10
Saudi Arabia,1282.0,-29
Kuwait,1258.0,-3
Mexico,1806.0,-3
Denmark,1681.0,-16
Poland,1681.0,16
Paraguay,1659.0,3
Senegal,1613.0,9
Norway,1455.0,2
Malta,1434.0,-2
Gambia,1258.0,-9
Czechoslovakia,2003.0,22
Yugoslavia,1924.0,-7
Austria,1871.0,-22
Sweden,1863.0,-26
Denmark,1693.0,8
Congo-Brazzaville,1566.0,7
East Germany,1535.0,7
Trinidad and Tobago,1512.0,-5
Norway,1507.0,26
Malaya,1467.0,-8
Surinam,1442.0,5
South Vietnam,1415.0,6
Pakistan,1383.0,8
Gabon,1370.0,-7
Finland,1260.0,-8
Philippines,1021.0,-6
Spain,1899.0,-45
Austria,1852.0,1
Bulgaria,1768.0,-1
Turkey,1738.0,13
Romania,1705.0,45
Israel,1571.0,-13
Saint Lucia,1301.0,1
Barbados,1248.0,-1
Nigeria,1629.0,-37
Congo-Brazzaville,1608.0,-37
Senegal,1608.0,37
Tunisia,1603.0,37
Ivory Coast,1602.0,2
Madagascar,1407.0,13
Upper Volta,1362.0,-5
Gambia,1286.0,5
Chad,1249.0,-13
Mauritania,984.0,-2
England,1946.0,7
Scotland,1910.0,8
Wales,1748.0,-8
North Korea,1729.0,2
Northern Ireland,1629.0,-7
Hong Kong,1406.0,-17
Singapore,1251.0,17
North Vietnam,1231.0,-2
East Germany,1645.0,3
Saint Lucia,1333.0,18
Dominica,1247.0,-18
Ceylon,1022.0,-3
Hong Kong,1404.0,-12
Singapore,1256.0,12
England,1922.0,13
Scotland,1902.0,-26
Wales,1743.0,26
Northern Ireland,1670.0,-13
Guinea,1658.0,7
China,1545.0,-25
Dahomey,1518.0,-7
Pakistan,1407.0,25
Uganda,1323.0,-29
Tanganyika,1247.0,29
Madagascar,1427.0,-28
Japan,1424.0,12
Hong Kong,1369.0,-12
Tanzania,1246.0,28
Surinam,1484.0,5
French Guiana,1251.0,-5
Indonesia,1426.0,9
North Vietnam,1252.0,-9
Burma,1422.0,29
South Vietnam,1390.0,-44
Thailand,1299.0,44
Malaysia,1253.0,-29
Soviet Union,1994.0,4
Montenegro,1667.0,-4
Iraq,1618.0,3
Libya,1482.0,-12
Palestine,1257.0,12
Kuwait,1187.0,-3
Angola,1496.0,8
Uganda,1357.0,22
Mozambique,1321.0,-8
Tanzania,1257.0,-22
Surinam,1527.0,-5
French Guiana,1256.0,5
Sudan,1692.0,10
Iran,1603.0,8
India,1509.0,-25
Japan,1462.0,25
Kenya,1449.0,-10
Indonesia,1448.0,22
Singapore,1267.0,-22
Malaysia,1251.0,-8
Thailand,1310.0,19
Malaysia,1251.0,-19
Surinam,1548.0,7
Mauritius,1527.0,-32
Tanzania,1254.0,32
Guyana,1218.0,-7
Japan,1603.0,8
Taiwan,1404.0,7
Lebanon,1369.0,-8
Uganda,1336.0,17
Tanganyika,1251.0,-17
Philippines,980.0,-7
Burma,1590.0,2
South Vietnam,1477.0,33
Thailand,1253.0,-33
Laos,952.0,-2
Ghana,1781.0,21
Ivory Coast,1731.0,-31
Algeria,1707.0,10
Democratic Republic of Congo,1681.0,-21
Iraq,1656.0,12
Senegal,1633.0,21
Ethiopia,1602.0,31
Congo,1541.0,-21
Uganda,1315.0,-10
Thailand,1247.0,-12
Portugal,1949.0,11
Bulgaria,1876.0,11
Spain,1875.0,3
Yugoslavia,1818.0,-3
Romania,1738.0,-11
Netherlands,1685.0,-11
Sudan,1596.0,-27
Zambia,1582.0,27
Dominica,1258.0,2
Sint Maarten,898.0,-2
Surinam,1514.0,-32
Netherlands Antilles,1458.0,32
Honduras,1392.0,13
Jamaica,1247.0,-13
Haiti,1446.0,-17
Jamaica,1252.0,17
England,2086.0,4
Hungary,1971.0,5
Scotland,1825.0,-35
Belgium,1786.0,-8
Mexico,1774.0,8
Austria,1737.0,35
Netherlands,1712.0,-4
Ireland,1606.0,-5
Jamaica,1250.0,12
Panama,1170.0,-12
Costa Rica,1704.0,8
Mexico,1691.0,-16
Israel,1662.0,13
Australia,1617.0,-13
Guatemala,1610.0,-21
Netherlands Antilles,1458.0,16
Trinidad and Tobago,1360.0,-8
Jamaica,1248.0,21
Brazil,2012.0,-26
Argentina,1839.0,26
Netherlands Antilles,1477.0,3
Cuba,1246.0,23
Panama,1156.0,-23
Bahamas,855.0,-3
Italy,2012.0,-12
Soviet Union,1959.0,35
Uruguay,1883.0,12
Czechoslovakia,1875.0,-42
Romania,1815.0,42
Peru,1787.0,40
Belgium,1765.0,-35
Morocco,1624.0,-40
Uganda,1423.0,-7
Tanzania,1247.0,7
Indonesia,1510.0,-41
India,1324.0,13
Malaysia,1317.0,41
Hong Kong,1255.0,-13
East Germany,1908.0,7
Spain,1858.0,14
Scotland,1846.0,5
Romania,1808.0,-1
France,1766.0,8
Netherlands,1725.0,-7
Wales,1697.0,1
Northern Ireland,1684.0,-14
Denmark,1591.0,-5
Surinam,1567.0,2
Norway,1524.0,-8
Indonesia,1446.0,18
Ethiopia,1419.0,-40
South Vietnam,1333.0,-18
Kenya,1279.0,40
French Guiana,1258.0,-2
Ghana,1736.0,22
Ivory Coast,1650.0,-22
South Korea,1643.0,4
Guinea,1629.0,2
Guatemala,1591.0,4
Indonesia,1445.0,29
Thailand,1340.0,-4
Gambia,1254.0,-2
South Vietnam,1245.0,-29
Panama,1209.0,-4
North Korea,1764.0,3
Zambia,1490.0,12
Ethiopia,1445.0,-12
Syria,1425.0,-3
Indonesia,1388.0,-44
Malaysia,1386.0,44
Thailand,1361.0,16
Khmer Republic,1252.0,-16
India,1406.0,4
Trinidad and Tobago,1395.0,28
Jamaica,1252.0,-28
Hong Kong,1200.0,-21
Singapore,1103.0,21
Philippines,964.0,-4
Malaysia,1469.0,11
Thailand,1260.0,11
South Vietnam,1251.0,-11
Singapore,1131.0,-11
Algeria,1563.0,11
South Yemen,1252.0,-11
Palestine,1186.0,29
Qatar,1034.0,-29
Poland,1803.0,29
Bulgaria,1783.0,-29
Ghana,1711.0,9
Iran,1646.0,8
Sudan,1646.0,8
Greece,1628.0,9
Mali,1616.0,24
Iraq,1606.0,-1
South Korea,1599.0,1
Cameroon,1597.0,21
Tunisia,1592.0,-24
Senegal,1582.0,-9
Ethiopia,1469.0,-9
Togo,1466.0,-21
Madagascar,1380.0,-8
Khmer Republic,1254.0,-8
Japan,1507.0,4
Hong Kong,1252.0,4
Philippines,1069.0,-4
Sri Lanka,919.0,-4
Australia,1686.0,0
South Korea,1599.0,0
Turkey,1546.0,-46
Kenya,1435.0,8
Luxembourg,1338.0,46
Malawi,1252.0,-8
Austria,1823.0,7
Uganda,1473.0,19
Ethiopia,1473.0,1
Grenada,1461.0,7
Kenya,1417.0,-19
Tanzania,1381.0,-1
Malta,1366.0,-7
Dominica,1250.0,-7
Iceland,1294.0,24
Faroe Islands,1250.0,-24
Thailand,1255.0,30
Khmer Republic,1249.0,-30
South Korea,1610.0,11
Zambia,1541.0,10
Malaysia,1467.0,20
Indonesia,1426.0,-11
Thailand,1251.0,-20
Somalia,1189.0,-10
Trinidad and Tobago,1563.0,3
Barbados,1253.0,6
Panama,1176.0,25
Nicaragua,1013.0,-3
Dominican Republic,964.0,-25
Puerto Rico,858.0,-6
Guinea,1583.0,-30
Sierra Leone,1430.0,30
Aruba,1254.0,-25
Bonaire,1122.0,25
West Germany,2144.0,2
Netherlands,2074.0,16
Poland,2058.0,-25
East Germany,1941.0,25
Sweden,1897.0,-16
Austria,1824.0,7
Northern Ireland,1745.0,-32
Switzerland,1697.0,-2
Wales,1643.0,-7
China,1636.0,14
South Korea,1630.0,4
North Korea,1608.0,-25
Iraq,1578.0,25
Norway,1466.0,32
Libya,1412.0,-6
Malta,1377.0,6
India,1333.0,-14
Thailand,1255.0,-4
Hungary,1858.0,0
Bulgaria,1756.0,0
Tunisia,1678.0,4
Togo,1453.0,10
Libya,1372.0,-4
Liberia,1349.0,-10
Taiwan,1248.0,16
Thailand,1231.0,-16
Indonesia,1363.0,15
South Vietnam,1252.0,-15
South Korea,1601.0,14
New Caledonia,1500.0,-25
Tahiti,1456.0,25
Japan,1442.0,-14
Indonesia,1388.0,10
Thailand,1259.0,-10
Malaysia,1455.0,-29
Thailand,1252.0,29
Israel,1768.0,6
Kuwait,1564.0,10
Japan,1448.0,-6
Saudi Arabia,1254.0,-10
Congo,1550.0,10
Suriname,1472.0,-47
Central African Republic,1389.0,6
Mozambique,1357.0,-17
Guyana,1251.0,47
Chad,1214.0,-10
Sao Tome and Principe,1080.0,-6
Zanzibar,1000.0,17
El Salvador,1461.0,11
Panama,1251.0,-11
Uruguay,1668.0,-4
Australia,1668.0,-7
Iraq,1502.0,5
Canada,1494.0,-30
United States,1459.0,30
Ecuador,1415.0,4
Libya,1390.0,-5
Indonesia,1274.0,7
South Yemen,1253.0,-27
Palestine,1219.0,7
Jordan,1172.0,27
Mauritania,928.0,-7
Sweden,1806.0,2
Peru,1773.0,8
Haiti,1574.0,-8
Norway,1484.0,-2
Finland,1472.0,15
Luxembourg,1253.0,-15
South Korea,1703.0,11
Burma,1435.0,-11
India,1254.0,11
Afghanistan,905.0,-11
Netherlands,2070.0,7
Scotland,1998.0,16
East Germany,1962.0,-11
England,1902.0,2
Hungary,1902.0,7
Austria,1858.0,11
Wales,1795.0,-16
Bulgaria,1772.0,3
Mexico,1766.0,8
Sweden,1755.0,-7
Ireland,1719.0,-3
Northern Ireland,1687.0,-7
Haiti,1589.0,28
Guatemala,1573.0,-28
Canada,1526.0,23
El Salvador,1490.0,-8
Suriname,1449.0,-23
Luxembourg,1251.0,-2
Netherlands,2075.0,5
Spain,1934.0,23
Romania,1906.0,-23
Belgium,1845.0,-5
Bulgaria,1766.0,-6
Greece,1646.0,6
Guyana,1254.0,-5
Barbados,1253.0,5
Italy,1946.0,1
Iran,1801.0,21
Kuwait,1677.0,-21
Uganda,1487.0,-13
Luxembourg,1250.0,-1
Somalia,1139.0,13
Malawi,1452.0,16
Mauritius,1249.0,-16
Poland,1915.0,1
Czechoslovakia,1894.0,6
Austria,1860.0,-9
Romania,1854.0,-6
Belgium,1804.0,9
Turkey,1659.0,6
Greece,1653.0,-6
Luxembourg,1249.0,-1
Angola,1484.0,9
Guinea-Bissau,1306.0,14
Gambia,1251.0,-14
Cape Verde,1208.0,-9
South Korea,1814.0,9
Kuwait,1675.0,6
North Korea,1656.0,19
Iraq,1602.0,-19
China,1575.0,-9
Malawi,1473.0,22
Malaysia,1469.0,-22
Madagascar,1377.0,-22
Thailand,1372.0,22
Mauritius,1253.0,20
India,1226.0,-6
Lesotho,1119.0,-20
Guinea,1684.0,1
Mali,1586.0,5
Gabon,1356.0,-6
Gambia,1254.0,-5
Rwanda,1041.0,6
Mauritania,917.0,-1
Iraq,1661.0,2
Costa Rica,1546.0,-5
Panama,1249.0,5
Bahrain,1096.0,-2
North Korea,1683.0,5
Indonesia,1250.0,-5
Egypt,1641.0,8
Japan,1460.0,5
Burma,1424.0,18
Kenya,1365.0,-8
Indonesia,1253.0,-18
Singapore,1100.0,-5
Poland,1958.0,-18
Mali,1562.0,11
Morocco,1549.0,18
Saint Vincent and the Grenadines,1492.0,-4
Guinea-Bissau,1285.0,-11
Barbados,1253.0,4
Yugoslavia,1900.0,2
South Korea,1833.0,7
Nigeria,1722.0,32
Algeria,1662.0,-32
Uruguay,1644.0,-2
Kuwait,1626.0,9
Japan,1460.0,-7
South Yemen,1253.0,-9
Brazil,2037.0,-16
England,2005.0,-21
Italy,1996.0,21
Belgium,1944.0,23
Soviet Union,1928.0,16
Spain,1869.0,-23
Northern Ireland,1795.0,-1
Australia,1668.0,1
Malawi,1563.0,10
Zambia,1534.0,-10
Honduras,1468.0,4
Panama,1251.0,-4
Zambia,1529.0,12
Zimbabwe,1474.0,-12
Malaysia,1458.0,-12
Thailand,1378.0,10
Indonesia,1248.0,12
Bahrain,1177.0,-10
Mexico,1714.0,11
Uruguay,1657.0,18
Cuba,1622.0,3
Bolivia,1584.0,-18
Canada,1569.0,-14
Honduras,1527.0,14
El Salvador,1525.0,5
Senegal,1521.0,1
Guatemala,1502.0,-5
United States,1490.0,-11
Malawi,1486.0,6
Zimbabwe,1482.0,-6
Angola,1464.0,-10
Trinidad and Tobago,1426.0,-16
Liberia,1372.0,-10
Mozambique,1315.0,10
Gambia,1312.0,10
Guyana,1256.0,-3
Netherlands Antilles,1189.0,16
Mauritania,1023.0,-1
Guinea-Bissau,1255.0,-46
Cape Verde,1237.0,46
England,1921.0,-31
Scotland,1856.0,31
New Zealand,1561.0,8
Indonesia,1251.0,-8
Spain,1847.0,0
Chile,1763.0,0
Saint Vincent and the Grenadines,1470.0,12
Guadeloupe,1427.0,19
Trinidad and Tobago,1402.0,-3
Martinique,1394.0,-12
Dominica,1272.0,-19
Barbados,1256.0,3
Italy,1913.0,0
France,1894.0,1
Cyprus,1255.0,-1
Luxembourg,1215.0,0
Hungary,1818.0,7
New Zealand,1604.0,-7
Mali,1567.0,3
Senegal,1538.0,-2
Guinea,1505.0,2
Sierra Leone,1394.0,13
Gambia,1281.0,-29
Guinea-Bissau,1250.0,-13
Cape Verde,1249.0,29
Mauritania,1008.0,-3
Indonesia,1292.0,30
Malaysia,1253.0,-30
South Korea,1665.0,1
Cuba,1591.0,8
Bermuda,1311.0,-8
Singapore,1251.0,27
Netherlands Antilles,1238.0,8
India,1212.0,-27
United Arab Emirates,1146.0,-1
Nicaragua,991.0,-8
Puerto Rico,979.0,31
Bahamas,879.0,-31
Zambia,1651.0,2
Egypt,1601.0,-2
Morocco,1571.0,-13
Malawi,1526.0,33
Saudi Arabia,1400.0,13
Zimbabwe,1394.0,-33
Upper Volta,1311.0,-4
Niger,1251.0,4
China,1598.0,-13
North Korea,1569.0,-9
Kenya,1509.0,17
Uganda,1486.0,4
Zimbabwe,1430.0,-17
Saudi Arabia,1421.0,9
Thailand,1326.0,29
Syria,1262.0,-29
India,1251.0,13
Malaysia,1239.0,-34
Zanzibar,1105.0,-4
Bangladesh,1009.0,34
Congo,1556.0,8
Kenya,1511.0,-2
Ethiopia,1349.0,2
Gambia,1345.0,7
Mozambique,1307.0,-3
Benin,1253.0,-8
Lesotho,1164.0,3
Mauritania,1066.0,-7
Algeria,1709.0,-16
Cameroon,1624.0,9
Tunisia,1610.0,3
Zambia,1606.0,-15
Libya,1598.0,-21
Morocco,1550.0,-30
Senegal,1520.0,21
Nigeria,1509.0,-20
Mali,1509.0,30
Togo,1501.0,25
Guinea,1494.0,-25
Madagascar,1492.0,25
Angola,1457.0,20
Uganda,1439.0,-25
Sudan,1397.0,15
Mozambique,1355.0,-9
Ethiopia,1346.0,-20
Barbados,1322.0,-10
Mauritius,1280.0,20
Benin,1256.0,16
Guyana,1253.0,10
Rwanda,1090.0,-3
Italy,1932.0,-42
Spain,1879.0,7
Sweden,1775.0,42
Egypt,1630.0,14
Cameroon,1610.0,-14
Cuba,1574.0,-22
Morocco,1573.0,20
Senegal,1527.0,7
Iceland,1493.0,-7
Suriname,1478.0,22
Guinea,1476.0,-20
Zimbabwe,1460.0,21
Thailand,1363.0,30
Mozambique,1334.0,-21
Burma,1299.0,-37
Guyana,1268.0,-12
Benin,1249.0,-7
Indonesia,1217.0,-30
Antigua and Barbuda,1159.0,12
Brunei,936.0,37
Syria,1288.0,17
Fiji,1253.0,24
Jordan,1101.0,-17
Vanuatu,1045.0,-24
Singapore,1258.0,-21
Malaysia,1251.0,21
Egypt,1637.0,22
Zambia,1600.0,-22
Malawi,1538.0,-12
Tanzania,1393.0,12
India,1253.0,19
Singapore,1198.0,-19
Poland,1913.0,2
India,1252.0,-2
Saudi Arabia,1474.0,15
Ethiopia,1329.0,4
United Arab Emirates,1253.0,-15
Djibouti,880.0,-4
South Korea,1631.0,4
New Zealand,1554.0,-36
Kuwait,1552.0,36
Bahrain,1251.0,-4
China,1585.0,5
Qatar,1529.0,5
Hong Kong,1254.0,-5
Jordan,1112.0,-5
United States,1586.0,6
Netherlands Antilles,1252.0,-6
Romania,1768.0,-13
Bulgaria,1753.0,2
Zambia,1616.0,10
Greece,1605.0,13
South Korea,1602.0,-5
China,1600.0,17
Malawi,1542.0,4
Kuwait,1541.0,5
Tanzania,1410.0,-10
Singapore,1252.0,-17
Luxembourg,1177.0,-2
Somalia,1160.0,-4
North Korea,1565.0,-12
Singapore,1252.0,12
Senegal,1522.0,8
Mali,1475.0,-25
Gambia,1334.0,25
Cape Verde,1255.0,-8
Malawi,1580.0,8
Guinea-Bissau,1282.0,-13
Cape Verde,1259.0,13
Reunion,1123.0,-8
Mexico,1801.0,-13
Israel,1658.0,4
Egypt,1632.0,13
Australia,1617.0,-4
Malaysia,1321.0,-23
Singapore,1257.0,23
Cameroon,1568.0,-26
Congo,1518.0,26
Guinea,1373.0,1
Gambia,1312.0,-1
Thailand,1252.0,26
Indonesia,1139.0,-26
Ghana,1570.0,8
Togo,1517.0,8
Burkina Faso,1324.0,-8
Liberia,1255.0,-8
Mauritius,1254.0,5
Reunion,1161.0,-5
Malaysia,1341.0,13
Guinea,1338.0,1
Thailand,1264.0,-13
Liberia,1254.0,-1
Congo,1512.0,9
Uganda,1496.0,-11
Angola,1455.0,-18
Gabon,1428.0,18
Sierra Leone,1390.0,-2
Liberia,1264.0,2
Central African Republic,1250.0,-9
Somalia,1198.0,11
Ivory Coast,1648.0,14
Ghana,1612.0,-14
Zambia,1585.0,11
Saudi Arabia,1565.0,4
Cuba,1519.0,13
Zimbabwe,1514.0,-11
Jamaica,1262.0,-13
Bahrain,1252.0,-4
Singapore,1193.0,-16
Indonesia,1191.0,16
Antigua and Barbuda,1161.0,-14
Dominican Republic,1002.0,14
Malaysia,1313.0,30
Thailand,1255.0,-30
Lebanon,1247.0,-13
San Marino,1013.0,13
Cameroon,1663.0,1
Ghana,1628.0,-28
Angola,1502.0,11
Cuba,1487.0,-11
Benin,1252.0,28
Equatorial Guinea,1065.0,-1
Mexico,1892.0,16
China,1600.0,11
Guatemala,1554.0,-16
Mali,1384.0,10
Thailand,1256.0,-11
Benin,1253.0,-10
Bangladesh,1061.0,-9
North Yemen,920.0,9
Tanzania,1253.0,-5
Seychelles,989.0,5
Iraq,1666.0,-17
Saudi Arabia,1490.0,0
Tunisia,1483.0,0
Lebanon,1251.0,17
Ghana,1499.0,-44
Mali,1389.0,10
Netherlands Antilles,1337.0,13
Niger,1307.0,44
Benin,1254.0,-10
Antigua and Barbuda,1187.0,-13
Zambia,1645.0,-12
Finland,1614.0,0
Malawi,1509.0,-16
Kuwait,1499.0,0
Ethiopia,1429.0,12
Tanzania,1252.0,16
Mexico,1894.0,4
Iran,1610.0,15
China,1579.0,2
Costa Rica,1534.0,-17
Guatemala,1516.0,17
El Salvador,1489.0,-4
Thailand,1255.0,-15
Bangladesh,1048.0,-2
England,1891.0,-9
Uruguay,1855.0,-5
Chile,1782.0,9
South Korea,1731.0,2
Ecuador,1589.0,5
Malaysia,1250.0,8
Singapore,1177.0,-2
Nepal,914.0,-8
Scotland,1817.0,16
Chile,1776.0,-16
Iran,1617.0,3
Senegal,1504.0,-34
Guinea,1461.0,6
Mali,1404.0,11
Guinea-Bissau,1311.0,-11
Cape Verde,1254.0,34
Thailand,1199.0,-3
Mauritania,1075.0,-6
Senegal,1547.0,-5
Gambia,1253.0,5
Malaysia,1270.0,3
Indonesia,1250.0,10
Brunei,889.0,-10
Philippines,812.0,-3
Cameroon,1700.0,5
Gabon,1443.0,19
Chad,1273.0,-19
Central African Republic,1250.0,-5
Barbados,1248.0,-12
Jamaica,1233.0,12
Brazil,1992.0,-8
Mexico,1904.0,-40
East Germany,1764.0,8
Canada,1643.0,40
Martinique,1412.0,-21
Bermuda,1373.0,34
Saint Vincent and the Grenadines,1336.0,21
Jamaica,1263.0,7
Saint Lucia,1252.0,-34
French Guiana,1236.0,1
Dominica,1158.0,-1
Cayman Islands,1038.0,-7
Sweden,1951.0,3
Ireland,1888.0,-4
Turkey,1649.0,4
Finland,1613.0,-3
Georgia,1581.0,-9
Grenada,1363.0,-2
Suriname,1360.0,5
Netherlands Antilles,1336.0,-5
Saint Lucia,1288.0,36
Lithuania,1251.0,9
Guyana,1230.0,2
Antigua and Barbuda,1182.0,-36
South Korea,1748.0,24
China,1525.0,-24
Kuwait,1491.0,-33
Thailand,1299.0,33
Hong Kong,1258.0,27
Singapore,1241.0,17
Yemen,1171.0,-27
Pakistan,980.0,-17
Italy,2016.0,2
Croatia,1887.0,9
Romania,1812.0,-9
Cyprus,1256.0,-2
England,1991.0,2
Ireland,1903.0,16
Czechoslovakia,1903.0,10
Soviet Union,1895.0,10
Scotland,1767.0,-10
Wales,1746.0,-16
Australia,1652.0,-10
Cameroon,1647.0,-2
Guinea-Bissau,1330.0,7
Malaysia,1267.0,-21
Indonesia,1254.0,21
Gambia,1203.0,-7
Soviet Union,1899.0,1
Poland,1786.0,-4
Wales,1762.0,4
Costa Rica,1684.0,10
Honduras,1515.0,-4
Guatemala,1458.0,4
El Salvador,1415.0,-10
Cyprus,1255.0,-1
Singapore,1251.0,10
Indonesia,1209.0,-10
Malaysia,1251.0,-15
Myanmar,1173.0,15
Malawi,1355.0,10
Thailand,1306.0,-3
Singapore,1254.0,3
Zanzibar,1134.0,-10
Germany,2077.0,-10
England,1998.0,-1
France,1990.0,-7
Italy,1980.0,10
Netherlands,1955.0,11
Yugoslavia,1932.0,-11
Ireland,1901.0,4
Czechoslovakia,1861.0,1
Belgium,1811.0,7
Switzerland,1776.0,-4
Scotland,1755.0,-6
Hungary,1723.0,5
Greece,1666.0,4
Finland,1620.0,6
Austria,1610.0,-5
Turkey,1567.0,3
Cyprus,1252.0,-4
Luxembourg,1177.0,-3
Germany,2074.0,-3
Czechoslovakia,1864.0,3
Spain,1839.0,4
Belgium,1812.0,1
Sweden,1811.0,6
Tunisia,1540.0,-6
Albania,1449.0,-4
Indonesia,1282.0,26
Cyprus,1251.0,-1
Singapore,1241.0,-26
Australia,1712.0,13
United States,1694.0,-13
Canada,1556.0,4
Hong Kong,1252.0,-4
Egypt,1663.0,13
Cameroon,1663.0,-13
Tahiti,1467.0,7
New Caledonia,1252.0,-7
Nigeria,1622.0,-9
Ghana,1622.0,-12
Zambia,1588.0,3
Uganda,1504.0,19
Ethiopia,1438.0,-19
Sudan,1363.0,9
Tanzania,1300.0,12
Mauritius,1251.0,-3
Germany,1995.0,-7
Italy,1982.0,-14
Netherlands,1956.0,-14
England,1940.0,-14
Denmark,1899.0,-7
France,1894.0,6
Ireland,1887.0,7
Russia,1881.0,3
Belgium,1858.0,14
Spain,1830.0,-4
Romania,1823.0,-14
Mexico,1814.0,7
Switzerland,1813.0,14
Poland,1797.0,14
Scotland,1786.0,-6
Portugal,1786.0,6
Wales,1781.0,5
Norway,1773.0,14
Uzbekistan,1676.0,-10
Northern Ireland,1664.0,4
Slovakia,1664.0,5
Kazakhstan,1612.0,10
Austria,1606.0,-6
Iceland,1564.0,-3
Turkmenistan,1485.0,8
Lithuania,1358.0,-5
Cyprus,1322.0,-5
Armenia,1251.0,4
Moldova,,-4
Kyrgyzstan,1196.0,-8
Bulgaria,1803.0,22
Norway,1758.0,-15
Uzbekistan,1644.0,-7
Israel,1570.0,-22
China,1477.0,15
Guatemala,1467.0,6
Jamaica,1411.0,-6
Malaysia,1250.0,7
Thailand,1354.0,-5
Singapore,1253.0,5
Qatar,1483.0,4
Lebanon,1252.0,-4
Japan,1589.0,2
United Arab Emirates,1524.0,-2
Bahrain,1361.0,-27
Hong Kong,1281.0,27
Lebanon,1253.0,-10
India,1189.0,10
Bangladesh,1063.0,16
Sri Lanka,819.0,-16
Iraq,1677.0,10
Iran,1640.0,7
Turkmenistan,1509.0,-7
Jordan,1341.0,-10
Yemen,1251.0,12
Pakistan,950.0,-12
Argentina,1972.0,-16
Brazil,1928.0,14
Colombia,1872.0,7
Uruguay,1782.0,3
Bolivia,1713.0,-14
Paraguay,1697.0,16
Peru,1550.0,-7
Madagascar,1508.0,6
Venezuela,1323.0,-3
Reunion,1252.0,-6
Mali,1501.0,15
Senegal,1452.0,9
Guinea-Bissau,1251.0,-15
Mauritania,1077.0,-9
French Guiana,1249.0,-8
Guyana,1120.0,8
Guadeloupe,1347.0,36
Saint Vincent and the Grenadines,1250.0,-36
United States,1601.0,1
Armenia,1250.0,-1
Fiji,1413.0,-26
Solomon Islands,1253.0,26
Papua New Guinea,1092.0,-6
Vanuatu,991.0,6
Uzbekistan,1710.0,5
Saudi Arabia,1666.0,4
South Korea,1651.0,-29
China,1565.0,21
Turkmenistan,1543.0,10
Kuwait,1540.0,29
Iran,1536.0,-21
Thailand,1349.0,-5
Malaysia,1253.0,-4
Yemen,1206.0,-10
Gabon,1443.0,4
Barbados,1314.0,28
Saint Vincent and the Grenadines,1251.0,-11
Dominica,1156.0,11
Benin,1136.0,-4
Guyana,1071.0,-28
India,1069.0,-24
Sri Lanka,946.0,24
Montserrat,644.0,22
Anguilla,528.0,-22
Saint Vincent and the Grenadines,1253.0,2
Montserrat,642.0,-2
Iraq,1651.0,5
Trinidad and Tobago,1579.0,15
Cuba,1523.0,23
Jamaica,1422.0,-23
Saint Vincent and the Grenadines,1290.0,31
Saint Lucia,1289.0,-15
Malaysia,1253.0,-5
French Guiana,1238.0,-31
Antigua and Barbuda,1149.0,-34
Cayman Islands,1072.0,34
Germany,2019.0,4
Italy,1985.0,2
Denmark,1975.0,27
Spain,1975.0,2
France,1914.0,4
Romania,1899.0,-2
Russia,1891.0,2
Czechia,1885.0,23
Netherlands,1870.0,2
Bulgaria,1870.0,-16
Colombia,1860.0,3
England,1858.0,-3
Norway,1852.0,-23
Sweden,1850.0,-7
Switzerland,1830.0,7
Scotland,1791.0,5
Belgium,1784.0,-27
Ireland,1772.0,-36
Poland,1763.0,2
Turkey,1755.0,13
Austria,1676.0,36
Slovakia,1666.0,13
Wales,1633.0,7
Georgia,1629.0,-4
Ukraine,1622.0,29
Israel,1617.0,-13
Greece,1604.0,4
Hungary,1598.0,-13
Slovenia,1582.0,-2
Macedonia,1548.0,-37
Finland,1530.0,-5
Lithuania,1455.0,-29
Azerbaijan,1449.0,-4
Belarus,1441.0,-2
Latvia,1434.0,3
Albania,1433.0,16
Cyprus,1380.0,-2
Malta,1357.0,-23
Armenia,1293.0,37
Luxembourg,1255.0,23
Faroe Islands,1171.0,-2
Liechtenstein,1105.0,-3
San Marino,986.0,-4
Moldova,,-7
South Africa,1648.0,-5
Egypt,1636.0,-6
Zambia,1635.0,5
Sierra Leone,1526.0,-4
Zimbabwe,1495.0,6
Senegal,1458.0,4
Guinea,1319.0,-27
Guinea-Bissau,1252.0,27
Kuwait,1492.0,13
Oman,1269.0,-13
Indonesia,1254.0,5
Malaysia,1227.0,-5
Brazil,2071.0,6
Germany,2056.0,9
Spain,1988.0,-2
Denmark,1968.0,5
Yugoslavia,1947.0,0
Russia,1925.0,-2
Czechia,1908.0,5
Netherlands,1908.0,-9
Croatia,1902.0,2
Romania,1891.0,5
England,1872.0,-2
Colombia,1867.0,9
Sweden,1859.0,7
Argentina,1857.0,12
Uruguay,1843.0,6
Bulgaria,1827.0,-2
Norway,1817.0,2
Switzerland,1813.0,5
Scotland,1782.0,-5
Belgium,1767.0,2
Paraguay,1740.0,-9
South Africa,1728.0,-6
Ireland,1721.0,-5
Chile,1717.0,12
Ecuador,1688.0,16
Bolivia,1687.0,-12
Austria,1682.0,16
Slovakia,1675.0,2
Australia,1669.0,-12
Georgia,1636.0,-5
Northern Ireland,1634.0,-7
Greece,1624.0,23
Wales,1615.0,-5
Slovenia,1600.0,-23
Bosnia and Herzegovina,1595.0,-6
Hungary,1584.0,-16
Jamaica,1566.0,5
Iceland,1563.0,4
Macedonia,1547.0,3
Peru,1542.0,-16
Martinique,1470.0,7
Albania,1460.0,6
Venezuela,1335.0,-6
Grenada,1328.0,-9
Saint Lucia,1281.0,-7
Saint Vincent and the Grenadines,1279.0,9
Barbados,1251.0,-5
Faroe Islands,1183.0,0
Liechtenstein,1096.0,-3
Estonia,1092.0,-4
Yugoslavia,1923.0,-21
Scotland,1773.0,-9
United States,1743.0,9
Chile,1726.0,9
Japan,1706.0,21
Bolivia,1674.0,-9
Ghana,1620.0,-21
Egypt,1616.0,21
Tunisia,1608.0,6
Algeria,1602.0,4
Ivory Coast,1591.0,11
Trinidad and Tobago,1523.0,8
Jamaica,1515.0,11
Gabon,1492.0,-11
Kenya,1468.0,11
Senegal,1458.0,-6
Turkmenistan,1432.0,-30
Malawi,1425.0,7
Lebanon,1406.0,30
Mozambique,1404.0,-7
Uganda,1382.0,-11
Oman,1265.0,-4
Suriname,1252.0,-8
Saint Kitts and Nevis,1207.0,-11
Indonesia,1305.0,15
Vietnam,1252.0,30
Myanmar,1147.0,-30
Cambodia,1051.0,-15
Japan,1747.0,4
Canada,1646.0,14
Tunisia,1621.0,-4
Honduras,1577.0,18
Cuba,1511.0,-14
Saint Vincent and the Grenadines,1251.0,-18
South Korea,1672.0,-1
United Arab Emirates,1562.0,1
Kuwait,1540.0,-18
Indonesia,1249.0,18
Colombia,1882.0,5
Paraguay,1812.0,-3
Argentina,1805.0,-10
Uruguay,1768.0,12
Japan,1744.0,-59
Chile,1740.0,10
Canada,1675.0,30
Bolivia,1664.0,3
Iraq,1648.0,-24
Kuwait,1635.0,59
Zambia,1616.0,11
Israel,1614.0,3
United Arab Emirates,1609.0,24
Peru,1606.0,-12
El Salvador,1520.0,-30
Cuba,1453.0,-34
Kenya,1394.0,-11
Panama,1376.0,34
Venezuela,1368.0,-5
Luxembourg,1255.0,-3
Japan,1707.0,2
Ecuador,1695.0,-2
Guatemala,1517.0,2
Oman,1252.0,2
Macao,999.0,-2
Nepal,825.0,-2
Germany,2084.0,1
Brazil,2071.0,3
France,2038.0,3
Italy,1991.0,-12
Yugoslavia,1953.0,26
Netherlands,1926.0,-29
Czechia,1900.0,-26
Croatia,1874.0,-16
Romania,1865.0,6
Paraguay,1843.0,16
Colombia,1839.0,-16
Sweden,1830.0,-3
Bulgaria,1817.0,5
Scotland,1810.0,15
Argentina,1807.0,-23
Australia,1795.0,13
Uruguay,1730.0,4
Chile,1724.0,-3
Turkey,1719.0,29
Switzerland,1714.0,2
Ireland,1705.0,-25
Greece,1705.0,21
Bolivia,1705.0,23
Ecuador,1698.0,3
Austria,1690.0,-15
Ukraine,1679.0,14
Poland,1671.0,12
Peru,1647.0,-3
Northern Ireland,1636.0,-14
Hungary,1615.0,-13
Slovenia,1600.0,16
Bosnia and Herzegovina,1574.0,-21
Macedonia,1561.0,25
Trinidad and Tobago,1483.0,2
Finland,1476.0,24
Lithuania,1454.0,-6
Cyprus,1442.0,-5
Albania,1417.0,-1
Azerbaijan,1393.0,-24
Latvia,1391.0,-2
Venezuela,1359.0,-4
Barbados,1286.0,-2
Grenada,1253.0,2
Dominica,1187.0,5
Guyana,1099.0,-2
Sint Maarten,967.0,5
British Virgin Islands,818.0,-5
Anguilla,516.0,-5
Jamaica,1558.0,-6
Trinidad and Tobago,1465.0,6
Latvia,1429.0,7
Grenada,1313.0,-20
Saint Kitts and Nevis,1254.0,20
Estonia,1217.0,-7
Poland,1705.0,19
Thailand,1447.0,2
Malaysia,1324.0,2
Indonesia,1294.0,-13
Singapore,1256.0,-7
Vietnam,1159.0,13
Myanmar,1143.0,7
Brunei,801.0,-2
Philippines,734.0,-2
Moldova,,-19
Senegal,1425.0,0
Gambia,1330.0,0
Cape Verde,1256.0,-4
Mauritania,1185.0,4
Martinique,1450.0,22
Barbados,1276.0,-22
Saint Vincent and the Grenadines,1254.0,-17
Saint Lucia,1248.0,17
Jamaica,1648.0,2
Martinique,1479.0,15
Trinidad and Tobago,1442.0,4
Senegal,1431.0,3
Haiti,1404.0,23
Cape Verde,1253.0,-3
Netherlands Antilles,1219.0,-23
Dominica,1204.0,-15
Antigua and Barbuda,1132.0,-4
Cayman Islands,1102.0,-2
Saudi Arabia,1631.0,3
Tanzania,1256.0,-3
Uzbekistan,1526.0,6
Vietnam,1246.0,2
Hong Kong,1218.0,-2
India,1111.0,-6
Cyprus,1506.0,-18
Estonia,1250.0,18
Grenada,1285.0,-9
Saint Vincent and the Grenadines,1249.0,9
Brazil,2068.0,7
Mexico,1879.0,5
Chile,1744.0,-7
Venezuela,1398.0,-5
Uganda,1381.0,24
Malawi,1252.0,-24
Nigeria,1692.0,-6
Ghana,1580.0,6
Namibia,1325.0,-10
Swaziland,1254.0,10
Saint Lucia,1252.0,-11
Dominica,1144.0,11
Guatemala,1527.0,3
Cuba,1506.0,-14
Haiti,1441.0,16
Panama,1384.0,7
Bermuda,1308.0,4
Suriname,1274.0,16
Saint Lucia,1272.0,-16
Saint Vincent and the Grenadines,1253.0,6
Swaziland,1213.0,-24
Cayman Islands,1134.0,14
Dominica,1132.0,-16
Dominican Republic,1122.0,3
Belize,1071.0,-3
Botswana,1033.0,24
Nicaragua,925.0,-7
Bahamas,851.0,3
British Virgin Islands,829.0,-4
US Virgin Islands,712.0,-6
Montserrat,606.0,-3
Anguilla,497.0,-3
Zambia,1521.0,2
Thailand,1501.0,-3
Jordan,1481.0,-5
North Korea,1451.0,3
Bahrain,1298.0,5
Malawi,1251.0,3
Tanzania,1243.0,-3
Malaysia,1229.0,11
Botswana,1031.0,-2
Taiwan,1020.0,-11
Honduras,1652.0,1
Trinidad and Tobago,1595.0,4
Cuba,1503.0,-8
El Salvador,1445.0,11
Haiti,1434.0,4
Kenya,1394.0,2
Uganda,1372.0,-2
Barbados,1360.0,5
Bermuda,1305.0,-3
Suriname,1277.0,8
Saint Vincent and the Grenadines,1268.0,15
Saint Kitts and Nevis,1250.0,-15
Antigua and Barbuda,1163.0,3
Dominican Republic,1115.0,-4
Belize,1060.0,-11
Aruba,998.0,-5
Nicaragua,924.0,-1
Bahamas,845.0,-4
France,2064.0,14
Yugoslavia,1946.0,-4
Croatia,1905.0,-14
Iran,1726.0,11
South Korea,1723.0,4
South Africa,1679.0,2
Syria,1531.0,-11
Kazakhstan,1449.0,11
Palestine,1255.0,-11
Malta,1233.0,-2
Hong Kong,1203.0,7
Macao,975.0,-7
Zambia,1505.0,11
Madagascar,1418.0,5
Burundi,1418.0,1
Liberia,1412.0,22
Uganda,1380.0,21
Gabon,1376.0,7
Kenya,1358.0,13
Namibia,1346.0,25
Sudan,1344.0,-25
Cape Verde,1336.0,-22
Ethiopia,1324.0,-11
Malawi,1248.0,-21
Benin,1239.0,-25
Eritrea,1204.0,25
Swaziland,1172.0,-13
Botswana,1101.0,-5
Sao Tome and Principe,1074.0,-7
Djibouti,881.0,-1
Brazil,2016.0,5
Argentina,1971.0,6
Mexico,1856.0,15
Uruguay,1757.0,-6
Chile,1728.0,-19
Honduras,1701.0,10
Egypt,1682.0,8
Peru,1681.0,-22
Ecuador,1678.0,19
Morocco,1670.0,3
Trinidad and Tobago,1645.0,-15
Jamaica,1594.0,-10
Bolivia,1590.0,22
Ghana,1558.0,25
Guatemala,1552.0,25
Uzbekistan,1525.0,9
Thailand,1506.0,-12
Algeria,1505.0,4
Guinea,1504.0,13
Zimbabwe,1502.0,-25
Zambia,1493.0,18
Qatar,1489.0,12
Angola,1468.0,-4
Senegal,1454.0,-13
Venezuela,1423.0,-5
Togo,1423.0,27
El Salvador,1422.0,18
Congo,1422.0,16
Turkmenistan,1422.0,-9
Uganda,1387.0,-27
Kenya,1353.0,-3
Barbados,1339.0,-25
Sudan,1326.0,-8
Namibia,1323.0,-18
Singapore,1281.0,-10
Saint Vincent and the Grenadines,1254.0,-18
Mauritius,1227.0,-16
Hong Kong,1213.0,10
Thailand,1541.0,14
Uganda,1401.0,-10
Indonesia,1366.0,-14
Ethiopia,1334.0,10
Malaysia,1302.0,38
Vietnam,1253.0,-38
Kuwait,1623.0,2
Guatemala,1538.0,-1
Panama,1392.0,1
Martinique,1360.0,7
Bahrain,1340.0,12
Saint Lucia,1253.0,-7
Singapore,1224.0,-2
Hong Kong,1213.0,10
Kyrgyzstan,1168.0,-12
Macao,965.0,-10
Qatar,1560.0,6
Malaysia,1321.0,32
Palestine,1252.0,-6
Hong Kong,1178.0,-32
Morocco,1701.0,4
Nigeria,1657.0,-34
Iraq,1606.0,1
Senegal,1540.0,27
Algeria,1503.0,-27
Angola,1483.0,4
Kazakhstan,1455.0,1
Zambia,1450.0,-4
Burkina Faso,1384.0,14
Sierra Leone,1333.0,34
Namibia,1319.0,-4
Malawi,1252.0,-14
Macao,907.0,-1
Nepal,832.0,-1
France,2114.0,-18
Italy,2015.0,-18
Portugal,2001.0,0
Netherlands,1995.0,-24
Spain,1962.0,9
England,1949.0,50
Croatia,1890.0,-3
Germany,1871.0,-50
Sweden,1868.0,8
Ireland,1867.0,24
Czechia,1849.0,-44
Yugoslavia,1845.0,18
Poland,1819.0,21
Russia,1815.0,-23
Denmark,1804.0,-17
Honduras,1784.0,28
United States,1781.0,-28
Turkey,1755.0,22
Scotland,1748.0,3
Iran,1746.0,-9
Costa Rica,1740.0,26
Norway,1731.0,-21
Bulgaria,1728.0,5
Slovenia,1716.0,23
Austria,1704.0,-9
Ukraine,1697.0,23
Finland,1689.0,25
Israel,1675.0,-2
Switzerland,1670.0,-18
Chile,1662.0,18
Iceland,1655.0,44
Slovakia,1653.0,-22
Hungary,1613.0,-31
Georgia,1565.0,31
Wales,1545.0,-12
Trinidad and Tobago,1539.0,-26
Bosnia and Herzegovina,1539.0,2
Macedonia,1506.0,-8
Thailand,1504.0,9
Northern Ireland,1494.0,17
Albania,1476.0,-25
Belarus,1466.0,-23
Armenia,1437.0,12
Lithuania,1427.0,18
Azerbaijan,1295.0,-15
Faroe Islands,1251.0,9
Malta,1201.0,-5
Luxembourg,1121.0,-9
Moldova,,15
Andorra,1052.0,0
Austria,1718.0,3
Israel,1672.0,-3
Democratic Republic of Congo,1424.0,-18
Uganda,1379.0,18
Kenya,1357.0,-26
Tanzania,1254.0,26
France,2112.0,2
Italy,2019.0,3
Argentina,2013.0,-8
Portugal,2011.0,2
Netherlands,1991.0,-4
Spain,1965.0,-2
England,1935.0,4
Sweden,1888.0,-4
Croatia,1878.0,-7
Germany,1876.0,7
Ireland,1872.0,10
Denmark,1858.0,9
Yugoslavia,1844.0,10
Belgium,1838.0,5
Czechia,1836.0,7
Russia,1829.0,-10
Mexico,1815.0,-10
Romania,1813.0,-2
United States,1798.0,-3
Uruguay,1792.0,5
Poland,1759.0,8
Norway,1748.0,-5
Paraguay,1717.0,-6
Saudi Arabia,1700.0,-9
South Korea,1693.0,-5
Bulgaria,1687.0,7
Switzerland,1670.0,12
Israel,1665.0,-7
Greece,1662.0,4
Hungary,1579.0,-12
Bolivia,1563.0,6
Wales,1561.0,8
Northern Ireland,1535.0,-8
Cyprus,1507.0,-7
Albania,1458.0,-6
Lithuania,1394.0,-31
Jordan,1394.0,31
Malta,1264.0,32
Faroe Islands,1248.0,5
Luxembourg,1121.0,6
Liechtenstein,1051.0,-5
Moldova,,-32
Mozambique,1250.0,1
Swaziland,1170.0,-1
New Zealand,1542.0,5
Kazakhstan,1448.0,-4
Zimbabwe,1442.0,-17
Estonia,1393.0,4
Tahiti,1346.0,21
Guadeloupe,1326.0,3
Malawi,1323.0,17
Solomon Islands,1250.0,-21
Papua New Guinea,1099.0,-5
Puerto Rico,888.0,-3
Brazil,2051.0,-19
Netherlands,2016.0,6
Spain,1985.0,-7
Germany,1956.0,-5
France,1950.0,-6
Ireland,1918.0,15
Italy,1917.0,-18
Denmark,1894.0,7
Turkey,1875.0,4
Sweden,1859.0,1
Czechia,1849.0,7
Croatia,1838.0,-8
Belgium,1823.0,1
Romania,1816.0,-16
Yugoslavia,1807.0,8
Russia,1775.0,-1
Iran,1758.0,11
Norway,1754.0,-6
Paraguay,1752.0,19
Poland,1744.0,-1
Finland,1729.0,-15
Greece,1697.0,16
Slovakia,1696.0,-7
Ukraine,1682.0,-11
Austria,1672.0,-8
Bulgaria,1670.0,5
Scotland,1669.0,-7
Israel,1668.0,8
Switzerland,1664.0,8
Slovenia,1663.0,18
Morocco,1614.0,3
Tunisia,1609.0,6
Iceland,1599.0,1
Georgia,1597.0,-4
Belarus,1593.0,13
Wales,1589.0,8
Venezuela,1578.0,10
Hungary,1564.0,7
Bolivia,1545.0,-10
Northern Ireland,1519.0,-3
Bosnia and Herzegovina,1516.0,-8
Cyprus,1505.0,3
Uzbekistan,1483.0,-19
Macedonia,1470.0,6
Latvia,1414.0,-13
Estonia,1399.0,6
Lithuania,1385.0,-8
Azerbaijan,1327.0,19
Reunion,1283.0,2
Malta,1259.0,-6
Faroe Islands,1253.0,5
Mauritius,1239.0,-2
Luxembourg,1105.0,-3
Liechtenstein,1058.0,-5
Moldova,,-6
Andorra,1077.0,-1
Martinique,1417.0,7
Saint Lucia,1251.0,-7
Netherlands,2035.0,16
Spain,1994.0,-8
France,1965.0,2
Germany,1952.0,0
England,1950.0,-19
Portugal,1925.0,10
Turkey,1892.0,0
Italy,1880.0,-29
Czechia,1871.0,5
Ireland,1850.0,-34
Yugoslavia,1819.0,13
Sweden,1818.0,-10
Japan,1817.0,-8
Russia,1807.0,5
Romania,1807.0,3
Norway,1791.0,6
Belgium,1783.0,8
Paraguay,1763.0,8
Costa Rica,1749.0,-3
Bulgaria,1749.0,0
Ecuador,1741.0,3
Poland,1714.0,6
Switzerland,1709.0,34
Austria,1692.0,-16
Ukraine,1691.0,-4
Finland,1673.0,-13
Greece,1668.0,8
Wales,1666.0,29
Hungary,1602.0,1
New Zealand,1575.0,-6
Iceland,1559.0,13
Belarus,1554.0,-5
Jamaica,1544.0,8
Northern Ireland,1521.0,4
Bosnia and Herzegovina,1501.0,-6
Macedonia,1470.0,19
Albania,1448.0,-5
Estonia,1421.0,-8
Armenia,1420.0,-8
Lithuania,1382.0,-13
Faroe Islands,1253.0,0
Malta,1245.0,-2
Luxembourg,1099.0,-3
Andorra,1076.0,0
Liechtenstein,1072.0,0
San Marino,949.0,-1
Uganda,1448.0,10
Thailand,1441.0,3
Tanzania,1269.0,-11
Vietnam,1252.0,-3
Eritrea,1177.0,11
Zanzibar,1152.0,-10
Mexico,1833.0,5
Egypt,1606.0,13
Bolivia,1540.0,-5
Qatar,1532.0,-13
Swaziland,1249.0,5
Lesotho,1149.0,-5
Nigeria,1737.0,-12
Jamaica,1575.0,12
Togo,1429.0,5
Malawi,1331.0,-2
Benin,1251.0,-5
Swaziland,1247.0,-10
Botswana,1197.0,2
Lesotho,1159.0,10
Venezuela,1618.0,-3
Lithuania,1426.0,41
Estonia,1420.0,-41
Trinidad and Tobago,1415.0,3
Tahiti,1380.0,8
Solomon Islands,1251.0,2
Vanuatu,1170.0,4
New Caledonia,1132.0,5
Papua New Guinea,1019.0,-8
Tuvalu,758.0,-4
Tonga,670.0,-5
Kiribati,584.0,-2
Brazil,1993.0,-29
Mexico,1897.0,29
Zambia,1448.0,10
Mozambique,1254.0,-10
Brazil,2013.0,2
Iran,1697.0,14
Iraq,1630.0,4
Jamaica,1589.0,-2
Zimbabwe,1527.0,3
New Zealand,1526.0,-14
Guinea,1500.0,5
Bahrain,1479.0,-4
Angola,1448.0,-40
Gabon,1409.0,-3
Liberia,1382.0,-26
Gambia,1375.0,26
Rwanda,1369.0,11
Sudan,1368.0,11
Congo,1360.0,14
Cape Verde,1342.0,-2
Malawi,1333.0,40
Malaysia,1319.0,4
Sierra Leone,1319.0,-14
Chad,1309.0,40
Ethiopia,1268.0,-40
Burundi,1265.0,3
Mozambique,1249.0,-5
Swaziland,1205.0,2
Namibia,1153.0,-11
Eritrea,1153.0,-11
Myanmar,1128.0,-4
Mauritania,1106.0,-3
France,2049.0,16
Argentina,2028.0,3
Spain,1985.0,5
Netherlands,1983.0,-33
Czechia,1979.0,2
Portugal,1915.0,-6
Germany,1880.0,-16
Turkey,1858.0,-33
Uruguay,1849.0,6
Croatia,1809.0,-12
Greece,1796.0,6
Russia,1777.0,-13
Paraguay,1774.0,13
Senegal,1748.0,4
Norway,1730.0,-5
Ecuador,1724.0,-13
Colombia,1691.0,-32
Scotland,1687.0,33
Slovenia,1684.0,12
South Africa,1655.0,-8
Chile,1646.0,-6
Egypt,1645.0,8
Wales,1639.0,13
Venezuela,1623.0,32
Bolivia,1600.0,-3
Canada,1599.0,-2
Ivory Coast,1591.0,-4
Morocco,1583.0,4
Latvia,1543.0,33
Albania,1517.0,7
Kenya,1494.0,8
Zambia,1440.0,-18
Burkina Faso,1435.0,-4
Gabon,1421.0,14
Estonia,1399.0,-7
Rwanda,1363.0,-6
Malawi,1324.0,-9
Ethiopia,1277.0,9
Burundi,1251.0,-14
Tanzania,1220.0,-8
Namibia,1159.0,6
Seychelles,1056.0,18
Oman,1555.0,32
Qatar,1519.0,-32
United Arab Emirates,1447.0,12
Barbados,1403.0,6
Grenada,1251.0,-6
Yemen,1150.0,-12
Mozambique,1254.0,8
Swaziland,1174.0,-8
France,2072.0,17
England,1921.0,-17
United States,1846.0,2
Croatia,1828.0,-9
Senegal,1719.0,5
Switzerland,1716.0,9
Canada,1598.0,3
El Salvador,1482.0,4
Panama,1443.0,13
Trinidad and Tobago,1432.0,12
Saint Kitts and Nevis,1375.0,42
Cape Verde,1345.0,-5
Barbados,1338.0,-42
Malawi,1330.0,-29
Grenada,1298.0,-2
Mozambique,1296.0,29
Saint Vincent and the Grenadines,1273.0,-9
Saint Lucia,1248.0,-13
Bermuda,1196.0,-4
Belize,1129.0,-3
Dominican Republic,1071.0,-12
Nicaragua,1013.0,9
Argentina,2030.0,13
France,1999.0,-17
England,1964.0,-11
Italy,1927.0,8
Portugal,1899.0,10
Greece,1898.0,-34
Denmark,1866.0,-15
Sweden,1863.0,5
Romania,1848.0,3
Ireland,1843.0,5
United States,1841.0,4
Turkey,1832.0,-17
Croatia,1830.0,10
Russia,1779.0,-12
Norway,1776.0,-8
Belgium,1775.0,-18
Poland,1756.0,24
Serbia and Montenegro,1731.0,1
Bulgaria,1720.0,31
Honduras,1692.0,-2
Switzerland,1684.0,4
Austria,1679.0,11
Peru,1674.0,-13
Israel,1672.0,17
Morocco,1668.0,-8
Wales,1663.0,-10
Finland,1661.0,1
Ukraine,1654.0,15
Slovakia,1649.0,12
Slovenia,1642.0,10
Tunisia,1631.0,8
Jamaica,1591.0,-33
Hungary,1589.0,-10
Iceland,1564.0,-31
Albania,1564.0,34
Canada,1563.0,2
Macedonia,1529.0,-3
Latvia,1508.0,-10
Georgia,1502.0,17
Panama,1492.0,33
Northern Ireland,1491.0,-24
Zambia,1486.0,11
Trinidad and Tobago,1478.0,22
Cyprus,1478.0,-5
Kenya,1472.0,6
El Salvador,1451.0,-4
Lithuania,1434.0,18
Burkina Faso,1407.0,21
Azerbaijan,1392.0,10
Estonia,1391.0,6
Liberia,1388.0,-11
Saint Kitts and Nevis,1365.0,-22
Uganda,1352.0,-21
Indonesia,1313.0,-19
Malawi,1271.0,-6
Malta,1252.0,-5
Faroe Islands,1243.0,-4
Singapore,1166.0,19
Luxembourg,1068.0,-6
San Marino,955.0,-1
Moldova,,-10
Andorra,1060.0,-1
Jamaica,1623.0,-13
Cuba,1566.0,11
Trinidad and Tobago,1507.0,4
Haiti,1460.0,11
Kenya,1459.0,-8
Martinique,1382.0,-11
Uganda,1347.0,10
Thailand,1342.0,2
Sudan,1333.0,8
Saint Vincent and the Grenadines,1320.0,20
Saint Lucia,1270.0,13
Saint Kitts and Nevis,1268.0,-11
Grenada,1255.0,-20
Malaysia,1174.0,-29
Myanmar,1159.0,29
Somalia,1045.0,-10
British Virgin Islands,900.0,-4
East Timor,682.0,-2
Morocco,1687.0,0
Saudi Arabia,1589.0,4
Mali,1493.0,-3
Algeria,1460.0,19
Syria,1451.0,3
Palestine,1254.0,-19
Yemen,1196.0,-4
Pakistan,852.0,0
Czechia,1997.0,0
Argentina,1986.0,-46
Netherlands,1983.0,10
Spain,1964.0,1
Greece,1911.0,0
Italy,1908.0,-1
Sweden,1906.0,1
Mexico,1906.0,14
Portugal,1900.0,9
Germany,1894.0,5
Croatia,1870.0,26
Ireland,1853.0,-13
United States,1853.0,15
Turkey,1818.0,0
Uruguay,1812.0,-7
Colombia,1802.0,20
Poland,1800.0,10
Norway,1794.0,1
Romania,1792.0,-10
Ukraine,1786.0,3
Ecuador,1772.0,46
Serbia and Montenegro,1771.0,-8
Russia,1754.0,6
Belgium,1734.0,8
Switzerland,1724.0,7
Cameroon,1723.0,9
Israel,1714.0,13
Costa Rica,1690.0,-15
Slovakia,1678.0,-9
Chile,1677.0,18
Morocco,1676.0,4
Bulgaria,1671.0,-26
Honduras,1670.0,0
Peru,1667.0,-20
Jamaica,1665.0,0
Slovenia,1649.0,6
Tunisia,1645.0,12
Belarus,1641.0,-6
South Africa,1620.0,14
Hungary,1617.0,22
Scotland,1609.0,10
Venezuela,1605.0,7
Bosnia and Herzegovina,1592.0,3
Bolivia,1589.0,-18
Guatemala,1578.0,-14
Albania,1522.0,14
Iceland,1505.0,-22
Macedonia,1497.0,23
Trinidad and Tobago,1496.0,23
Georgia,1491.0,-14
Northern Ireland,1483.0,-5
Lithuania,1482.0,-1
Latvia,1471.0,-6
Panama,1471.0,-23
Armenia,1395.0,-23
Estonia,1385.0,6
Cape Verde,1377.0,-14
Azerbaijan,1360.0,-10
Kazakhstan,1341.0,-3
Singapore,1310.0,8
Malawi,1294.0,-4
Botswana,1275.0,-12
Benin,1263.0,-9
Faroe Islands,1249.0,-7
Malta,1243.0,-1
Malaysia,1215.0,-8
Andorra,1107.0,0
Liechtenstein,1100.0,-6
San Marino,943.0,-3
Moldova,,-10
Brazil,2032.0,-2
Netherlands,1998.0,-5
Czechia,1989.0,-10
Argentina,1978.0,4
England,1971.0,-20
France,1959.0,4
Spain,1952.0,6
Italy,1912.0,12
Germany,1911.0,5
Portugal,1907.0,4
Sweden,1901.0,10
Mexico,1885.0,11
Croatia,1872.0,2
United States,1867.0,2
Denmark,1864.0,20
Ireland,1844.0,-12
Poland,1825.0,11
Japan,1820.0,15
Ukraine,1818.0,9
Greece,1813.0,-15
Turkey,1810.0,-17
Iran,1806.0,-15
Uruguay,1803.0,-6
Romania,1797.0,1
Norway,1787.0,-22
Ecuador,1759.0,5
Serbia and Montenegro,1752.0,-9
Russia,1750.0,-10
Belgium,1749.0,15
Paraguay,1749.0,2
Switzerland,1746.0,22
Nigeria,1736.0,7
Finland,1717.0,25
Saudi Arabia,1712.0,25
Israel,1711.0,-11
Costa Rica,1705.0,-11
Tunisia,1697.0,4
Egypt,1695.0,-4
Bulgaria,1688.0,17
Ivory Coast,1688.0,-4
Peru,1682.0,12
Austria,1681.0,-5
Chile,1676.0,-12
Slovakia,1663.0,-18
Senegal,1660.0,-3
Morocco,1654.0,-13
South Korea,1650.0,-25
Slovenia,1650.0,1
Belarus,1623.0,-11
Scotland,1621.0,5
Hungary,1613.0,-4
Bosnia and Herzegovina,1596.0,-14
Venezuela,1589.0,-5
Wales,1587.0,-1
Togo,1582.0,13
South Africa,1580.0,-17
Uzbekistan,1570.0,10
Bahrain,1562.0,-31
Guatemala,1560.0,15
Jordan,1553.0,-6
Panama,1549.0,-15
Ghana,1544.0,3
Iceland,1530.0,17
Albania,1521.0,4
Angola,1514.0,6
Libya,1511.0,-7
Georgia,1508.0,17
North Korea,1504.0,31
Lithuania,1493.0,11
Trinidad and Tobago,1488.0,-2
Latvia,1483.0,10
Northern Ireland,1479.0,-4
Cyprus,1477.0,25
Macedonia,1470.0,-25
Kuwait,1452.0,-10
Kenya,1417.0,-4
Armenia,1397.0,6
Estonia,1396.0,14
Sudan,1396.0,9
El Salvador,1383.0,-2
Azerbaijan,1356.0,-4
Cape Verde,1353.0,-6
Kazakhstan,1315.0,-17
Benin,1254.0,-9
Malta,1239.0,4
Faroe Islands,1221.0,-25
Liechtenstein,1116.0,18
Andorra,1106.0,-1
Netherlands,2000.0,0
France,1979.0,19
Czechia,1953.0,2
England,1942.0,-36
Spain,1939.0,-14
Sweden,1921.0,10
Italy,1917.0,15
Portugal,1904.0,-3
Germany,1892.0,2
United States,1878.0,-12
Denmark,1873.0,6
Mexico,1868.0,6
Croatia,1866.0,-18
Poland,1838.0,5
Turkey,1833.0,26
Ireland,1825.0,-19
Japan,1825.0,5
Greece,1817.0,4
Ukraine,1781.0,-26
Serbia and Montenegro,1773.0,14
Norway,1772.0,-33
Switzerland,1756.0,17
Russia,1754.0,3
Costa Rica,1738.0,8
Belgium,1727.0,1
Honduras,1725.0,-5
Israel,1724.0,6
Finland,1709.0,10
Bulgaria,1685.0,7
Slovakia,1677.0,-7
Scotland,1664.0,33
Austria,1661.0,-12
Slovenia,1647.0,15
Bosnia and Herzegovina,1637.0,18
Hungary,1608.0,-10
Wales,1575.0,-5
Belarus,1568.0,-15
Guatemala,1554.0,12
South Africa,1538.0,-2
Northern Ireland,1528.0,36
Panama,1518.0,-6
Georgia,1513.0,-6
Iceland,1511.0,-7
Trinidad and Tobago,1498.0,-8
Latvia,1471.0,7
Lithuania,1468.0,-18
Cyprus,1460.0,-17
Macedonia,1460.0,-10
Armenia,1393.0,-2
Azerbaijan,1355.0,12
Kazakhstan,1305.0,-4
Malta,1252.0,18
Faroe Islands,1214.0,-6
Liechtenstein,1131.0,16
Andorra,1124.0,0
Luxembourg,991.0,-16
San Marino,942.0,-1
Moldova,,-15
Uganda,1325.0,5
Rwanda,1284.0,7
Burundi,1255.0,-25
Zanzibar,1218.0,25
Eritrea,1105.0,-7
Djibouti,853.0,-5
Saint Kitts and Nevis,1251.0,5
Saint Martin,1011.0,-5
Brazil,2032.0,5
Netherlands,1995.0,2
England,1968.0,4
Czechia,1964.0,-1
Spain,1961.0,3
France,1955.0,-18
Italy,1949.0,10
Argentina,1917.0,-13
Portugal,1914.0,5
Denmark,1900.0,12
Germany,1881.0,-10
Sweden,1874.0,-16
Romania,1860.0,9
United States,1849.0,10
Croatia,1847.0,13
Turkey,1845.0,1
Ireland,1839.0,16
Poland,1837.0,-10
Mexico,1833.0,4
Uruguay,1816.0,-4
Greece,1812.0,3
Iran,1804.0,6
Serbia and Montenegro,1801.0,10
Switzerland,1795.0,15
Paraguay,1775.0,-2
South Korea,1763.0,3
Colombia,1760.0,-2
Ivory Coast,1753.0,-3
Russia,1751.0,-5
Norway,1738.0,-10
Costa Rica,1736.0,-6
Bulgaria,1723.0,6
Ecuador,1719.0,-2
Israel,1713.0,-12
Slovakia,1700.0,18
Belgium,1699.0,1
Tunisia,1690.0,-10
Scotland,1667.0,-15
Senegal,1659.0,10
Austria,1645.0,-23
Finland,1628.0,-2
China,1611.0,-25
Venezuela,1605.0,2
Slovenia,1602.0,-9
Oman,1597.0,21
Canada,1596.0,23
Wales,1595.0,2
Saudi Arabia,1595.0,-5
Belarus,1584.0,2
Qatar,1573.0,16
Iraq,1572.0,25
Uzbekistan,1567.0,-16
Ghana,1566.0,-4
Angola,1549.0,-3
Syria,1519.0,6
Albania,1517.0,-15
Jordan,1513.0,-21
Georgia,1512.0,14
Northern Ireland,1506.0,5
United Arab Emirates,1500.0,3
Bahrain,1496.0,3
Lithuania,1477.0,15
Macedonia,1477.0,-6
Cyprus,1463.0,14
Kuwait,1442.0,-3
Estonia,1421.0,-5
Armenia,1395.0,-14
Singapore,1340.0,-28
Kazakhstan,1325.0,-3
Palestine,1254.0,28
Malta,1253.0,-14
Yemen,1252.0,42
Hong Kong,1230.0,16
India,1142.0,-42
Bangladesh,1032.0,-16
Luxembourg,980.0,-1
Taiwan,968.0,-6
Pakistan,877.0,-3
Mexico,1841.0,8
Paraguay,1767.0,-8
Benin,1253.0,-16
Equatorial Guinea,1160.0,16
Brazil,2034.0,2
Netherlands,1995.0,-7
Turkey,1812.0,-17
Australia,1797.0,7
Japan,1789.0,1
Colombia,1777.0,10
Ivory Coast,1767.0,11
South Korea,1745.0,-22
Morocco,1638.0,-10
Ghana,1617.0,22
Slovenia,1601.0,-11
New Zealand,1517.0,-2
Macedonia,1510.0,17
Algeria,1415.0,5
Sudan,1307.0,-5
Malta,1252.0,-1
Spain,1951.0,-8
Ukraine,1791.0,2
Ghana,1721.0,6
Israel,1713.0,0
Bulgaria,1711.0,0
Slovakia,1698.0,1
Wales,1605.0,0
Slovenia,1601.0,0
Iceland,1502.0,8
Togo,1454.0,-6
Algeria,1398.0,-17
Gabon,1387.0,17
Azerbaijan,1365.0,-2
Malta,1251.0,-1
Brazil,2068.0,15
Argentina,1989.0,-15
Cameroon,1784.0,7
Japan,1720.0,-24
Tunisia,1633.0,-13
Guinea,1607.0,-15
Angola,1599.0,9
Saudi Arabia,1597.0,24
Zambia,1552.0,18
Mali,1544.0,-7
Democratic Republic of Congo,1489.0,4
Ethiopia,1466.0,15
Togo,1454.0,6
Libya,1447.0,-15
Algeria,1413.0,15
Gambia,1358.0,20
Sierra Leone,1322.0,7
Sudan,1317.0,10
Cape Verde,1296.0,-20
Rwanda,1295.0,-7
Mauritius,1282.0,13
Chad,1267.0,-18
Liberia,1253.0,-21
Benin,1247.0,-6
Swaziland,1188.0,-9
Equatorial Guinea,1181.0,21
Namibia,1175.0,-4
Antigua and Barbuda,1110.0,5
Seychelles,1084.0,-10
Dominica,1010.0,-5
Nigeria,1782.0,2
Ivory Coast,1761.0,5
Ghana,1753.0,19
South Korea,1711.0,-19
Angola,1624.0,5
Jamaica,1611.0,7
Canada,1597.0,-7
Mali,1554.0,10
Zambia,1521.0,-31
Democratic Republic of Congo,1493.0,4
South Africa,1479.0,31
Libya,1447.0,-4
Togo,1444.0,-10
Gabon,1394.0,-5
Uganda,1372.0,2
Congo,1370.0,15
Kenya,1315.0,-5
Niger,1304.0,-2
Sierra Leone,1294.0,-28
Rwanda,1278.0,-17
Mozambique,1277.0,-8
Benin,1275.0,28
Liberia,1270.0,17
Chad,1252.0,-15
Burundi,1245.0,19
Tanzania,1236.0,8
Mauritania,1167.0,-19
Lesotho,1121.0,-2
Oman,1613.0,13
Trinidad and Tobago,1589.0,21
Cuba,1535.0,-21
Haiti,1505.0,24
United Arab Emirates,1471.0,6
Kuwait,1457.0,-13
Guadeloupe,1381.0,-24
Yemen,1253.0,-6
Ivory Coast,1782.0,3
Mauritius,1254.0,-3
United States,1809.0,7
Iran,1756.0,-9
Morocco,1660.0,7
Canada,1658.0,33
Tunisia,1654.0,3
Iraq,1603.0,9
Guinea,1600.0,27
Panama,1565.0,-7
Zambia,1540.0,-17
Guatemala,1509.0,-33
Syria,1493.0,13
Democratic Republic of Congo,1446.0,-7
Algeria,1409.0,-27
Sudan,1397.0,14
Tanzania,1355.0,28
Burkina Faso,1345.0,-28
Lebanon,1339.0,-13
Gambia,1329.0,5
Kenya,1308.0,-25
Cape Verde,1308.0,-5
Botswana,1303.0,10
Malawi,1284.0,-7
Chad,1251.0,17
Namibia,1224.0,7
Mauritius,1206.0,-3
Mauritania,1198.0,-10
Eritrea,1177.0,25
Seychelles,1062.0,-14
Syria,1498.0,3
Reunion,1252.0,2
Madagascar,1204.0,-2
Mauritius,1194.0,0
Mayotte,1183.0,0
Bangladesh,998.0,-3
Brazil,2085.0,6
Mexico,1913.0,1
United States,1736.0,-6
Cameroon,1735.0,-37
Egypt,1705.0,-16
Costa Rica,1644.0,0
Honduras,1644.0,0
Tunisia,1622.0,-28
Guinea,1611.0,7
Panama,1570.0,-1
Zambia,1557.0,36
South Africa,1454.0,-36
Zimbabwe,1454.0,10
Sudan,1433.0,28
Congo,1412.0,-4
Algeria,1389.0,-19
Gambia,1348.0,19
Cape Verde,1301.0,-7
Burundi,1278.0,16
Chad,1255.0,4
Malawi,1253.0,-10
Equatorial Guinea,1241.0,37
Swaziland,1187.0,-6
Eritrea,1183.0,6
Mauritius,1182.0,-12
Seychelles,1077.0,12
Brazil,2087.0,4
France,2032.0,2
Italy,2019.0,1
Netherlands,1982.0,3
Germany,1956.0,-56
Spain,1948.0,-5
England,1935.0,-24
Czechia,1928.0,56
Romania,1928.0,1
Portugal,1891.0,3
Mexico,1881.0,-18
Denmark,1848.0,4
Switzerland,1823.0,-15
Greece,1822.0,26
Sweden,1810.0,-16
Uruguay,1808.0,-18
Russia,1808.0,24
Colombia,1801.0,-8
Norway,1791.0,21
Paraguay,1785.0,18
Turkey,1785.0,-26
Japan,1779.0,26
Ireland,1774.0,-16
Scotland,1772.0,-45
Poland,1765.0,-17
Ukraine,1764.0,1
Chile,1761.0,15
Ivory Coast,1761.0,-12
Serbia,1752.0,17
United States,1751.0,15
Bulgaria,1743.0,-7
Israel,1718.0,3
Egypt,1681.0,-26
Finland,1668.0,5
Ecuador,1659.0,-4
Montenegro,1653.0,6
Morocco,1651.0,2
Peru,1645.0,-15
Belgium,1642.0,13
Costa Rica,1637.0,-5
Tunisia,1631.0,9
Hungary,1625.0,17
Wales,1609.0,1
Austria,1604.0,12
Bolivia,1572.0,8
Georgia,1568.0,45
Slovenia,1562.0,-3
Northern Ireland,1551.0,16
Haiti,1547.0,5
Cyprus,1545.0,16
Bosnia and Herzegovina,1544.0,-21
Albania,1534.0,7
New Zealand,1523.0,32
Guatemala,1521.0,18
Macedonia,1513.0,3
Trinidad and Tobago,1501.0,-1
Lithuania,1496.0,-2
United Arab Emirates,1492.0,-9
Belarus,1490.0,-3
South Africa,1467.0,-1
Latvia,1465.0,-4
Armenia,1453.0,-13
Iceland,1409.0,-54
Azerbaijan,1385.0,-17
Estonia,1382.0,-6
El Salvador,1381.0,1
Kazakhstan,1348.0,-3
Fiji,1306.0,-32
Namibia,1280.0,-2
Malta,1252.0,-15
Sierra Leone,1241.0,15
Guinea-Bissau,1213.0,-15
Liechtenstein,1202.0,54
Faroe Islands,1162.0,-1
Andorra,1086.0,-3
Luxembourg,1038.0,-1
San Marino,928.0,-1
Moldova,,15
Argentina,2038.0,3
Italy,2031.0,12
Netherlands,1982.0,0
Spain,1962.0,14
Germany,1960.0,4
Czechia,1934.0,6
Romania,1903.0,-25
Portugal,1893.0,2
Croatia,1865.0,-51
Greece,1824.0,2
Denmark,1818.0,-30
Turkey,1811.0,26
Colombia,1809.0,8
Paraguay,1801.0,16
Sweden,1796.0,-14
Russia,1789.0,-19
Poland,1778.0,13
Ireland,1770.0,-4
Bulgaria,1768.0,25
Norway,1765.0,-26
Scotland,1760.0,-12
United States,1759.0,8
Ivory Coast,1745.0,-16
Israel,1737.0,19
Nigeria,1735.0,-11
Australia,1730.0,11
Ukraine,1721.0,-43
Finland,1672.0,4
Senegal,1670.0,8
Honduras,1664.0,6
Venezuela,1653.0,-8
Slovakia,1652.0,-6
Ecuador,1643.0,-16
Tunisia,1633.0,2
Belgium,1629.0,-13
Wales,1613.0,4
Mali,1586.0,-8
Hungary,1584.0,-41
Northern Ireland,1581.0,30
Bolivia,1569.0,-3
Macedonia,1564.0,51
Cyprus,1541.0,-4
Angola,1541.0,16
Lithuania,1539.0,43
New Zealand,1536.0,13
Belarus,1532.0,42
Guatemala,1515.0,-6
Albania,1492.0,-42
Latvia,1473.0,8
South Africa,1459.0,-8
Armenia,1451.0,-2
United Arab Emirates,1436.0,-19
Estonia,1395.0,15
Benin,1382.0,19
Azerbaijan,1381.0,-4
Fiji,1297.0,-9
New Caledonia,1282.0,9
Namibia,1277.0,-2
Malta,1250.0,-2
Sierra Leone,1245.0,4
Vanuatu,1231.0,-13
Madagascar,1224.0,14
Guinea-Bissau,1209.0,-4
Liechtenstein,1194.0,-8
Andorra,1071.0,-15
Luxembourg,1038.0,0
Comoros,847.0,-14
Moldova,,41
Cameroon,1755.0,19
Egypt,1754.0,14
Tunisia,1628.0,-19
Angola,1566.0,-14
Belarus,1559.0,-21
Armenia,1453.0,21
Iceland,1374.0,-18
Malta,1250.0,18
Oman,1529.0,2
Liberia,1252.0,-2
Brazil,2085.0,1
France,2004.0,-7
Spain,1983.0,1
Germany,1960.0,3
Romania,1908.0,5
Croatia,1870.0,-5
Portugal,1860.0,2
Paraguay,1804.0,7
Cameroon,1768.0,2
Serbia,1728.0,-3
Morocco,1675.0,5
Montenegro,1666.0,-5
South Korea,1659.0,-13
Peru,1632.0,-1
Canada,1609.0,-1
Senegal,1601.0,6
Lithuania,1589.0,8
Hungary,1580.0,5
Zambia,1537.0,-27
Jordan,1521.0,13
Georgia,1504.0,-2
Togo,1464.0,27
Uganda,1406.0,8
Estonia,1405.0,-8
Algeria,1399.0,-6
Rwanda,1346.0,16
Botswana,1333.0,-10
Cape Verde,1310.0,-2
Kenya,1306.0,-18
Tanzania,1305.0,-12
Ethiopia,1305.0,-5
Malawi,1299.0,3
Namibia,1282.0,18
Niger,1256.0,-8
Madagascar,1251.0,10
Mauritania,1201.0,-16
Mauritius,1177.0,12
Djibouti,806.0,-3
Malawi,1337.0,2
Namibia,1253.0,-7
Malaysia,1162.0,3
India,1149.0,-3
Lesotho,1135.0,7
Comoros,839.0,-2
Libya,1535.0,4
North Korea,1529.0,-8
Qatar,1508.0,8
Chad,1253.0,-4
Spain,2098.0,5
Netherlands,2024.0,10
Brazil,2010.0,-16
Italy,2008.0,3
Germany,1979.0,3
England,1975.0,10
Argentina,1968.0,-27
Russia,1882.0,11
Croatia,1881.0,0
Mexico,1850.0,-9
Paraguay,1849.0,5
Czechia,1845.0,5
Portugal,1827.0,-17
Turkey,1821.0,-15
Chile,1803.0,27
Bulgaria,1799.0,-11
United States,1798.0,-29
Iran,1790.0,5
Switzerland,1788.0,28
Ireland,1786.0,5
Greece,1769.0,-28
Serbia,1768.0,26
Israel,1750.0,-8
Japan,1749.0,-15
Australia,1744.0,11
Colombia,1738.0,16
Poland,1726.0,-22
Ecuador,1719.0,-31
Norway,1712.0,-10
Honduras,1701.0,-23
Ghana,1700.0,-13
South Korea,1689.0,8
Finland,1677.0,-11
Costa Rica,1674.0,8
Montenegro,1666.0,-3
Venezuela,1665.0,31
Lithuania,1643.0,1
Belgium,1641.0,-5
Wales,1636.0,-3
Slovakia,1628.0,22
Peru,1610.0,-5
Hungary,1604.0,7
Slovenia,1594.0,-5
Jamaica,1593.0,23
Canada,1589.0,9
Belarus,1579.0,-10
Trinidad and Tobago,1577.0,29
Austria,1575.0,-26
Northern Ireland,1565.0,1
Macedonia,1565.0,-24
Bosnia and Herzegovina,1561.0,15
North Korea,1556.0,-5
Uzbekistan,1555.0,15
Bahrain,1531.0,-17
Latvia,1526.0,8
Cyprus,1525.0,-5
Qatar,1523.0,-11
Guatemala,1517.0,-21
Georgia,1517.0,11
South Africa,1509.0,13
Albania,1506.0,17
El Salvador,1489.0,10
Guadeloupe,1485.0,15
Cuba,1447.0,21
Iceland,1444.0,24
Haiti,1422.0,-8
Armenia,1412.0,-15
United Arab Emirates,1408.0,-8
Estonia,1399.0,15
Martinique,1370.0,-15
Azerbaijan,1366.0,17
Suriname,1251.0,-10
Grenada,1235.0,12
Malta,1229.0,-7
Malaysia,1173.0,8
Faroe Islands,1169.0,-1
Luxembourg,1088.0,13
Andorra,1049.0,0
Cayman Islands,978.0,-12
Nepal,937.0,-8
San Marino,922.0,-1
Moldova,,-13
Trinidad and Tobago,1579.0,2
Guyana,1252.0,-7
Antigua and Barbuda,1193.0,-2
Saint Kitts and Nevis,1131.0,7
Thailand,1417.0,-3
Vietnam,1251.0,3
Oman,1592.0,-18
Indonesia,1257.0,18
United States,1798.0,-29
Costa Rica,1770.0,29
Bahrain,1610.0,9
New Zealand,1496.0,-12
Jordan,1482.0,-9
Tanzania,1360.0,12
Antigua and Barbuda,1253.0,15
Guyana,1231.0,-15
United States,1865.0,-23
Honduras,1731.0,6
Haiti,1442.0,23
Grenada,1251.0,-6
North Korea,1538.0,-15
Lebanon,1249.0,-7
Hong Kong,1232.0,15
Kyrgyzstan,1140.0,7
Taiwan,938.0,5
Guam,602.0,-5
Tajikistan,1254.0,13
Myanmar,1223.0,8
Bangladesh,956.0,-8
Sri Lanka,906.0,-13
South Africa,1579.0,8
Guatemala,1427.0,-8
Martinique,1372.0,-1
Grenada,1252.0,1
Mexico,1846.0,-16
Ukraine,1810.0,-2
Paraguay,1779.0,-8
Ivory Coast,1778.0,4
Japan,1770.0,8
Ecuador,1732.0,16
Honduras,1688.0,-8
Cameroon,1663.0,3
Poland,1653.0,2
South Africa,1632.0,4
Peru,1606.0,20
Tunisia,1584.0,-15
Canada,1580.0,-20
Uganda,1566.0,17
Morocco,1550.0,-18
Mali,1508.0,-23
El Salvador,1507.0,8
Thailand,1452.0,2
Guatemala,1432.0,5
Angola,1430.0,-17
Gambia,1423.0,15
Togo,1408.0,-17
Cape Verde,1393.0,23
Rwanda,1393.0,-4
Botswana,1389.0,17
Malawi,1379.0,15
Congo,1367.0,-29
Sudan,1333.0,29
Kenya,1319.0,-20
Namibia,1306.0,-15
Niger,1257.0,-4
Guinea-Bissau,1252.0,20
Central African Republic,1193.0,18
India,1160.0,-2
Nicaragua,1075.0,-5
Mauritius,1030.0,-3
Spain,2139.0,1
Netherlands,2095.0,2
Germany,2068.0,9
Argentina,1979.0,-13
Uruguay,1887.0,2
Portugal,1863.0,14
Russia,1843.0,23
Italy,1835.0,-9
Turkey,1812.0,-9
Ukraine,1812.0,-7
Norway,1801.0,14
Japan,1785.0,13
Colombia,1765.0,9
Ireland,1750.0,-23
Switzerland,1743.0,-19
Czechia,1733.0,12
Serbia,1728.0,-55
Greece,1727.0,7
Denmark,1724.0,-14
Ecuador,1715.0,-9
Bulgaria,1701.0,20
Montenegro,1697.0,19
Slovenia,1694.0,2
Slovakia,1671.0,-47
Costa Rica,1666.0,-13
Scotland,1660.0,-12
Belarus,1632.0,-17
Peru,1630.0,13
China,1627.0,5
Bosnia and Herzegovina,1612.0,2
Austria,1608.0,13
Hungary,1605.0,1
Belgium,1598.0,19
Lithuania,1598.0,-1
Canada,1597.0,7
Panama,1596.0,5
Northern Ireland,1593.0,9
Gabon,1582.0,-8
Macedonia,1581.0,4
Wales,1564.0,-20
Oman,1564.0,8
Bahrain,1564.0,20
Cyprus,1560.0,-14
Latvia,1545.0,-7
Albania,1544.0,-2
Kuwait,1539.0,-20
Syria,1516.0,-5
Estonia,1514.0,55
El Salvador,1484.0,-5
Georgia,1479.0,4
Armenia,1437.0,47
Azerbaijan,1427.0,-13
Vietnam,1329.0,-19
Kazakhstan,1322.0,-19
Indonesia,1257.0,-2
Barbados,1252.0,1
Saint Vincent and the Grenadines,1230.0,-9
Malta,1204.0,-4
Faroe Islands,1196.0,-2
India,1179.0,19
Saint Kitts and Nevis,1176.0,9
Luxembourg,1108.0,17
Andorra,1018.0,-4
San Marino,912.0,-1
Montserrat,535.0,-1
Moldova,,-2
Kuwait,1548.0,5
Syria,1536.0,20
Bahrain,1520.0,-20
Cuba,1462.0,-7
Suriname,1264.0,25
Antigua and Barbuda,1250.0,7
India,1156.0,-5
Dominica,1081.0,-25
Vietnam,1252.0,-30
Malaysia,1214.0,30
Spain,2117.0,1
Netherlands,2105.0,1
Brazil,2079.0,-15
Germany,2059.0,-7
Argentina,2000.0,7
England,1931.0,7
Croatia,1918.0,5
Portugal,1891.0,-7
Mexico,1852.0,7
Italy,1838.0,7
Sweden,1827.0,-1
France,1817.0,15
Russia,1814.0,-13
Ukraine,1805.0,1
South Korea,1795.0,2
Norway,1794.0,-14
Turkey,1774.0,-2
Colombia,1761.0,-1
Serbia,1757.0,17
Greece,1753.0,4
Switzerland,1745.0,-9
Czechia,1735.0,-5
Iran,1734.0,13
Ecuador,1729.0,3
Denmark,1725.0,-7
Honduras,1717.0,-3
Romania,1713.0,-3
Slovenia,1700.0,8
Venezuela,1699.0,-4
Poland,1686.0,14
Scotland,1677.0,20
Israel,1669.0,-17
Costa Rica,1668.0,4
Cameroon,1658.0,11
Belarus,1658.0,-8
Nigeria,1653.0,1
Hungary,1649.0,8
Slovakia,1637.0,-19
Bosnia and Herzegovina,1620.0,-7
Belgium,1616.0,-4
South Africa,1608.0,2
Austria,1603.0,-1
Finland,1597.0,4
Canada,1593.0,-4
Senegal,1588.0,10
Gabon,1574.0,9
Morocco,1571.0,4
Northern Ireland,1556.0,-20
Macedonia,1555.0,-11
Cyprus,1540.0,3
Libya,1530.0,5
Albania,1519.0,-8
Georgia,1513.0,8
Zambia,1511.0,7
Guinea,1503.0,-10
Burkina Faso,1492.0,-13
El Salvador,1481.0,6
Azerbaijan,1449.0,-8
Benin,1436.0,-5
Armenia,1433.0,-8
Botswana,1429.0,2
Haiti,1428.0,-6
Malawi,1420.0,9
Cape Verde,1414.0,13
Democratic Republic of Congo,1408.0,-9
Gambia,1383.0,-22
Mozambique,1380.0,-2
Tanzania,1366.0,3
Kazakhstan,1328.0,8
Niger,1301.0,-4
Sierra Leone,1290.0,-1
Namibia,1280.0,-9
Kenya,1264.0,-2
Guinea-Bissau,1261.0,22
Malaysia,1254.0,10
Malta,1212.0,9
Hong Kong,1210.0,-10
Liechtenstein,1176.0,6
Palestine,1160.0,-3
Swaziland,1143.0,-7
Luxembourg,1132.0,19
Andorra,1013.0,-1
Philippines,960.0,11
San Marino,901.0,-6
Cambodia,816.0,12
Mongolia,781.0,-11
Macao,660.0,-12
Moldova,,1
Germany,2060.0,1
Argentina,1999.0,-4
England,1941.0,10
Chile,1896.0,3
Portugal,1888.0,-3
Croatia,1884.0,-34
Mexico,1864.0,12
Russia,1801.0,-13
Norway,1785.0,-9
Colombia,1775.0,14
United States,1772.0,4
Paraguay,1772.0,-12
Egypt,1768.0,-25
Greece,1756.0,3
Ireland,1753.0,6
Switzerland,1748.0,3
Denmark,1734.0,9
Ecuador,1715.0,-14
Bulgaria,1701.0,-3
Romania,1693.0,-20
Israel,1677.0,8
Costa Rica,1664.0,-4
Cameroon,1640.0,-18
Bosnia and Herzegovina,1640.0,20
Slovakia,1639.0,2
Belarus,1636.0,-22
South Africa,1633.0,25
China,1625.0,4
Senegal,1606.0,18
Iraq,1603.0,11
Uganda,1568.0,10
Macedonia,1549.0,-6
Georgia,1547.0,34
Albania,1541.0,22
Kuwait,1535.0,0
Wales,1534.0,-10
Cyprus,1529.0,-11
Jordan,1528.0,0
Latvia,1523.0,-8
Mali,1523.0,6
Burkina Faso,1503.0,11
North Korea,1490.0,-11
Iceland,1447.0,11
Armenia,1446.0,13
Botswana,1437.0,14
Angola,1435.0,-25
Malawi,1432.0,12
Cape Verde,1424.0,10
Tanzania,1375.0,9
Rwanda,1370.0,12
Togo,1363.0,-12
Kazakhstan,1327.0,-1
Zimbabwe,1322.0,-6
Kenya,1289.0,25
Namibia,1275.0,-11
Guinea-Bissau,1251.0,-10
Central African Republic,1231.0,-9
Liberia,1218.0,-10
Malta,1209.0,-3
Chad,1199.0,-14
Burundi,1198.0,-12
Andorra,1011.0,-2
Spain,2131.0,7
Netherlands,2118.0,2
Brazil,2080.0,-2
England,1920.0,-14
Portugal,1900.0,9
Russia,1801.0,4
Paraguay,1788.0,10
Ireland,1781.0,21
Norway,1776.0,-9
Switzerland,1762.0,14
Denmark,1759.0,15
United States,1752.0,-7
Greece,1752.0,1
Czechia,1730.0,-4
Bulgaria,1715.0,6
Montenegro,1714.0,-6
Israel,1701.0,16
Peru,1651.0,4
Cameroon,1633.0,-7
Slovakia,1630.0,1
Senegal,1613.0,7
Uganda,1573.0,5
Morocco,1571.0,21
Bolivia,1558.0,-10
Zambia,1550.0,12
Macedonia,1528.0,-21
Burkina Faso,1526.0,23
Latvia,1507.0,-16
Algeria,1462.0,-21
Armenia,1442.0,-4
Iceland,1432.0,-15
Mozambique,1353.0,-12
Niger,1305.0,-17
Sierra Leone,1286.0,17
Namibia,1252.0,-23
Guinea-Bissau,1246.0,-5
Malta,1208.0,-1
Andorra,1010.0,-1
Brazil,2062.0,-19
Paraguay,1785.0,-5
Venezuela,1740.0,19
Ecuador,1730.0,5
Vietnam,1251.0,5
Malaysia,1230.0,-33
Palestine,1180.0,-18
Philippines,1016.0,19
Myanmar,1012.0,10
Bangladesh,956.0,2
Taiwan,923.0,33
Sri Lanka,895.0,-19
Pakistan,889.0,-2
Laos,847.0,26
Afghanistan,837.0,18
Mongolia,822.0,-10
British Virgin Islands,791.0,-35
Cambodia,780.0,-26
US Virgin Islands,705.0,35
Macao,676.0,-5
Spain,2125.0,0
Netherlands,2118.0,6
Germany,2055.0,-7
England,1946.0,2
Argentina,1929.0,6
Croatia,1898.0,8
Italy,1881.0,5
France,1849.0,-2
Sweden,1838.0,1
Australia,1838.0,18
Japan,1829.0,-9
Paraguay,1813.0,15
Russia,1800.0,-7
South Korea,1800.0,-6
Ireland,1794.0,7
Colombia,1784.0,10
Switzerland,1780.0,16
Turkey,1779.0,-8
Denmark,1775.0,25
Norway,1768.0,-25
Greece,1764.0,-9
Serbia,1762.0,2
Czechia,1746.0,15
Ukraine,1738.0,-15
Ecuador,1735.0,10
Iran,1734.0,-8
United States,1714.0,-9
Venezuela,1713.0,3
Romania,1711.0,2
Poland,1695.0,7
Scotland,1693.0,8
Hungary,1691.0,18
Bosnia and Herzegovina,1686.0,11
Nigeria,1676.0,-6
Belgium,1667.0,9
Bulgaria,1665.0,-16
Israel,1662.0,-8
Panama,1649.0,3
Costa Rica,1648.0,-10
Jamaica,1646.0,-10
China,1644.0,-21
Slovenia,1643.0,-5
Honduras,1633.0,-15
Canada,1617.0,4
Kuwait,1609.0,6
Finland,1608.0,-6
Belarus,1592.0,-11
Slovakia,1590.0,-64
Uzbekistan,1589.0,9
Jordan,1568.0,21
El Salvador,1563.0,4
Wales,1560.0,-2
Gabon,1559.0,4
Saudi Arabia,1558.0,-18
Austria,1557.0,8
Iraq,1541.0,23
Macedonia,1535.0,1
Lithuania,1526.0,-8
Latvia,1519.0,9
Trinidad and Tobago,1514.0,17
Oman,1514.0,-42
Estonia,1513.0,28
Armenia,1507.0,64
Guinea,1507.0,-3
North Korea,1499.0,5
Qatar,1495.0,8
Georgia,1494.0,-10
Cyprus,1494.0,-19
Albania,1493.0,-34
Bahrain,1487.0,27
Northern Ireland,1485.0,-28
Guatemala,1466.0,9
Iceland,1443.0,19
Haiti,1441.0,12
Thailand,1430.0,42
Azerbaijan,1425.0,11
United Arab Emirates,1408.0,-45
Guyana,1343.0,6
Kazakhstan,1339.0,-11
Niger,1334.0,-4
Singapore,1318.0,-23
Indonesia,1297.0,-27
Antigua and Barbuda,1282.0,7
Suriname,1262.0,-6
Tajikistan,1251.0,-5
Liechtenstein,1242.0,0
Malta,1224.0,10
Faroe Islands,1222.0,-2
Barbados,1212.0,-17
Lebanon,1212.0,45
Saint Kitts and Nevis,1200.0,28
Luxembourg,1155.0,34
Bermuda,1143.0,-6
Belize,1134.0,-9
Nicaragua,1109.0,-3
Curaçao,1077.0,-12
Dominican Republic,1072.0,6
Saint Lucia,1015.0,-28
Puerto Rico,1007.0,-4
Andorra,1000.0,-1
Cayman Islands,951.0,-4
San Marino,897.0,-1
Moldova,,-18
US Virgin Islands,727.0,-7
Spain,2138.0,3
Netherlands,2089.0,-29
Germany,2074.0,3
Brazil,2057.0,8
Uruguay,1962.0,-4
Argentina,1913.0,-28
Portugal,1894.0,-21
Italy,1883.0,3
Chile,1883.0,16
Sweden,1880.0,29
Croatia,1869.0,4
Mexico,1856.0,-8
Australia,1845.0,6
France,1841.0,-13
Japan,1831.0,2
Denmark,1814.0,21
Russia,1814.0,0
Greece,1806.0,9
Ireland,1799.0,4
South Korea,1797.0,2
Colombia,1796.0,12
Paraguay,1792.0,4
Peru,1775.0,-16
Norway,1774.0,6
Ghana,1768.0,-3
Ecuador,1767.0,12
Turkey,1766.0,3
Czechia,1760.0,24
Switzerland,1758.0,18
Ukraine,1757.0,10
Iran,1745.0,10
Serbia,1742.0,-21
Venezuela,1721.0,28
Poland,1711.0,11
United States,1707.0,-12
Bosnia and Herzegovina,1701.0,13
Scotland,1695.0,-3
Romania,1694.0,-6
Hungary,1681.0,-10
Belgium,1669.0,-3
Israel,1669.0,7
Montenegro,1668.0,-18
Nigeria,1666.0,3
Slovenia,1664.0,21
Panama,1655.0,2
Cameroon,1643.0,-8
Jamaica,1638.0,-8
Honduras,1636.0,8
Wales,1628.0,28
Bulgaria,1628.0,-28
China,1616.0,-31
Uzbekistan,1610.0,21
Finland,1605.0,10
Canada,1603.0,-19
Kuwait,1595.0,-14
Belarus,1592.0,-11
Jordan,1588.0,21
Austria,1581.0,-8
Slovakia,1578.0,2
Iraq,1572.0,31
El Salvador,1568.0,1
Saudi Arabia,1551.0,-1
Armenia,1531.0,-4
Estonia,1527.0,-10
Bolivia,1522.0,-12
Latvia,1521.0,-4
Qatar,1510.0,15
Oman,1508.0,-6
Macedonia,1505.0,-2
Lithuania,1502.0,-24
Albania,1494.0,6
Trinidad and Tobago,1488.0,7
Guatemala,1488.0,3
Georgia,1485.0,-9
North Korea,1478.0,-21
Bahrain,1477.0,-10
Cyprus,1470.0,-6
Northern Ireland,1458.0,-3
Thailand,1432.0,1
Haiti,1426.0,-18
United Arab Emirates,1403.0,-2
Azerbaijan,1390.0,-3
Guyana,1365.0,-5
Kazakhstan,1342.0,8
Singapore,1300.0,-21
Antigua and Barbuda,1295.0,2
Indonesia,1288.0,-15
Tajikistan,1249.0,-2
Lebanon,1226.0,14
Equatorial Guinea,1220.0,8
Suriname,1218.0,-51
Malta,1211.0,-7
Saint Kitts and Nevis,1181.0,-14
Bermuda,1181.0,5
Barbados,1178.0,-7
Dominican Republic,1119.0,51
Nicaragua,1107.0,-2
Belize,1089.0,-3
Curaçao,1083.0,18
Philippines,1034.0,12
Puerto Rico,1031.0,19
Saint Lucia,1024.0,14
Andorra,999.0,0
Nepal,979.0,-12
Cayman Islands,941.0,-1
San Marino,895.0,-2
Moldova,,2
US Virgin Islands,722.0,-2
Spain,2119.0,2
Netherlands,2078.0,10
Germany,2063.0,-18
Uruguay,1987.0,-5
England,1945.0,-10
Argentina,1928.0,13
Portugal,1898.0,-3
Sweden,1886.0,20
Croatia,1871.0,-20
Italy,1869.0,-16
Chile,1865.0,-5
France,1857.0,18
Mexico,1853.0,-19
Russia,1837.0,20
Australia,1825.0,6
Denmark,1811.0,-20
Paraguay,1804.0,4
Ireland,1799.0,-3
Ivory Coast,1798.0,-8
Czechia,1797.0,3
Colombia,1786.0,19
Ecuador,1783.0,6
South Korea,1783.0,9
Greece,1778.0,-5
Ukraine,1776.0,10
Japan,1770.0,-34
Norway,1767.0,8
Switzerland,1754.0,-13
Peru,1750.0,-2
United States,1749.0,16
Turkey,1728.0,-16
Iran,1725.0,-15
Serbia,1724.0,-4
Egypt,1722.0,2
Romania,1715.0,5
Poland,1709.0,3
Scotland,1703.0,1
Ghana,1696.0,5
Venezuela,1695.0,-2
Belgium,1688.0,5
Costa Rica,1674.0,12
Hungary,1672.0,-4
Israel,1659.0,-10
Cameroon,1656.0,5
Jamaica,1655.0,11
Nigeria,1655.0,-6
Panama,1651.0,-4
Slovenia,1651.0,-1
Honduras,1645.0,-6
China,1640.0,18
Montenegro,1637.0,3
Wales,1636.0,-12
Bulgaria,1632.0,4
Uzbekistan,1629.0,34
Finland,1599.0,-12
Slovakia,1594.0,16
Austria,1590.0,12
Iraq,1586.0,13
Belarus,1585.0,-5
South Africa,1584.0,-4
Bahrain,1580.0,10
Tunisia,1579.0,2
Canada,1574.0,-18
Kuwait,1569.0,-9
El Salvador,1567.0,-18
New Zealand,1554.0,-11
Jordan,1554.0,-18
Guinea,1545.0,8
Estonia,1542.0,18
Morocco,1542.0,8
Armenia,1541.0,18
Bolivia,1538.0,4
Oman,1531.0,13
Saudi Arabia,1524.0,-6
Senegal,1524.0,4
Guatemala,1522.0,13
Qatar,1518.0,15
Latvia,1516.0,-5
Uganda,1504.0,-38
Georgia,1500.0,7
Algeria,1500.0,20
North Korea,1496.0,-9
Trinidad and Tobago,1489.0,15
Macedonia,1486.0,-16
Albania,1475.0,-7
Cyprus,1467.0,4
Rwanda,1460.0,6
Northern Ireland,1450.0,-8
Burkina Faso,1443.0,-8
Democratic Republic of Congo,1438.0,11
Iceland,1436.0,-3
Cape Verde,1423.0,27
United Arab Emirates,1422.0,16
Congo,1391.0,38
Azerbaijan,1387.0,-22
Cuba,1383.0,-4
Benin,1377.0,0
Malawi,1376.0,-25
Thailand,1375.0,-13
Togo,1359.0,-18
Gambia,1354.0,-20
Guyana,1351.0,-13
Zimbabwe,1347.0,-21
Kazakhstan,1347.0,5
Mozambique,1337.0,1
Kenya,1333.0,18
Lebanon,1319.0,-16
Sierra Leone,1304.0,-28
Namibia,1302.0,-19
Niger,1298.0,-2
Antigua and Barbuda,1294.0,-15
Ethiopia,1285.0,0
Singapore,1267.0,-13
Burundi,1266.0,21
Liberia,1263.0,19
Indonesia,1260.0,-10
Tanzania,1259.0,-1
Tajikistan,1250.0,9
Palestine,1245.0,22
Chad,1241.0,25
Liechtenstein,1227.0,-8
Malta,1219.0,8
Guinea-Bissau,1217.0,-5
Malaysia,1208.0,-2
Hong Kong,1206.0,4
Madagascar,1170.0,-27
Luxembourg,1168.0,16
Sao Tome and Principe,1104.0,28
Philippines,1036.0,2
Seychelles,1015.0,-11
Taiwan,906.0,-4
Moldova,,5
Egypt,1748.0,3
Poland,1714.0,5
Latvia,1511.0,-5
Qatar,1507.0,-11
Albania,1486.0,11
Togo,1356.0,-3
Indonesia,1268.0,-12
Palestine,1254.0,12
Mexico,1890.0,2
Russia,1886.0,36
Australia,1803.0,-10
South Korea,1799.0,20
Japan,1792.0,12
Greece,1781.0,3
United States,1752.0,2
Czechia,1751.0,-36
Poland,1718.0,-3
Panama,1711.0,37
Costa Rica,1653.0,-11
Jamaica,1644.0,9
China,1641.0,2
Honduras,1614.0,-37
Uzbekistan,1597.0,-11
Canada,1591.0,15
Bahrain,1580.0,0
El Salvador,1572.0,11
Kuwait,1569.0,0
Jordan,1548.0,-12
Oman,1526.0,10
Guatemala,1516.0,-9
New Zealand,1504.0,-61
Qatar,1494.0,-20
Northern Cyprus,1473.0,19
Cuba,1368.0,-15
New Caledonia,1363.0,61
Guyana,1361.0,-2
Lebanon,1311.0,11
Zanzibar,1301.0,-19
Tahiti,1293.0,34
Antigua and Barbuda,1281.0,-2
Vietnam,1272.0,-2
Solomon Islands,1261.0,-34
Singapore,1252.0,-6
Malaysia,1212.0,6
Sweden,1876.0,3
Japan,1794.0,1
Australia,1785.0,3
China,1636.0,-3
Qatar,1492.0,-17
United Arab Emirates,1421.0,-1
Lebanon,1297.0,-3
Tajikistan,1249.0,17
Spain,2157.0,2
Germany,2044.0,6
Argentina,1978.0,-9
England,1975.0,-16
Netherlands,1972.0,19
Portugal,1949.0,2
Uruguay,1918.0,-11
Mexico,1907.0,4
Italy,1901.0,1
Colombia,1883.0,44
Sweden,1878.0,2
France,1874.0,6
Russia,1873.0,27
Croatia,1866.0,-2
Chile,1864.0,-44
Ecuador,1825.0,11
Switzerland,1820.0,5
Greece,1806.0,5
Japan,1801.0,7
South Korea,1798.0,-6
Czechia,1778.0,-17
Australia,1758.0,-27
Turkey,1753.0,9
Ireland,1752.0,8
United States,1751.0,11
Romania,1743.0,1
Ukraine,1743.0,16
Belgium,1737.0,2
Serbia,1732.0,17
Peru,1728.0,9
Venezuela,1727.0,43
Bosnia and Herzegovina,1720.0,11
Norway,1712.0,11
Paraguay,1708.0,-43
Panama,1705.0,16
Poland,1693.0,6
Scotland,1688.0,-14
Iran,1679.0,-34
Hungary,1668.0,-19
Ghana,1661.0,-25
Bulgaria,1660.0,9
Jamaica,1653.0,-11
Montenegro,1646.0,2
Honduras,1643.0,4
Costa Rica,1636.0,-4
Finland,1627.0,17
Slovenia,1625.0,-11
Israel,1619.0,-27
Austria,1616.0,-6
Slovakia,1613.0,3
Uzbekistan,1611.0,6
Iraq,1606.0,-7
Canada,1603.0,-16
Jordan,1580.0,27
South Africa,1577.0,4
Belarus,1565.0,-6
Wales,1564.0,-17
El Salvador,1560.0,15
Gabon,1559.0,8
New Zealand,1551.0,9
Guatemala,1540.0,12
Armenia,1532.0,-9
Kuwait,1526.0,-19
Oman,1523.0,-8
Georgia,1516.0,-2
Latvia,1515.0,-11
Macedonia,1513.0,14
Albania,1511.0,-5
Estonia,1502.0,-9
Saudi Arabia,1475.0,-8
Iceland,1467.0,-17
Lithuania,1466.0,-5
Cyprus,1462.0,17
United Arab Emirates,1440.0,19
Northern Ireland,1432.0,-16
Haiti,1428.0,4
Azerbaijan,1401.0,-2
New Caledonia,1356.0,46
Mozambique,1345.0,-4
Cuba,1340.0,-4
Guyana,1338.0,-15
Kazakhstan,1338.0,-2
Lebanon,1331.0,34
Liberia,1315.0,25
Vietnam,1308.0,17
Antigua and Barbuda,1274.0,-12
Solomon Islands,1265.0,-9
Tahiti,1249.0,-46
Malta,1229.0,-1
Singapore,1217.0,-3
Liechtenstein,1217.0,-3
Malaysia,1214.0,-17
Bermuda,1187.0,14
Luxembourg,1162.0,16
Puerto Rico,1119.0,-4
Myanmar,1016.0,3
Andorra,1000.0,-1
San Marino,889.0,-2
Saint Martin,854.0,-14
Moldova,,-6
Jamaica,1601.0,-36
Uganda,1561.0,6
Kuwait,1524.0,5
Oman,1490.0,-30
Martinique,1383.0,19
Lebanon,1360.0,30
Kenya,1356.0,-6
Tanzania,1346.0,-3
Cuba,1335.0,-19
Zanzibar,1302.0,3
Palestine,1289.0,-5
French Guiana,1276.0,36
Singapore,1250.0,3
Philippines,1195.0,-3
Iraq,1614.0,22
Kuwait,1504.0,13
Saudi Arabia,1473.0,-22
Yemen,1253.0,-13
Saudi Arabia,1497.0,8
Qatar,1490.0,4
Bahrain,1450.0,-6
Thailand,1349.0,-4
Lebanon,1327.0,6
Tajikistan,1253.0,6
Malaysia,1182.0,-8
Kyrgyzstan,1121.0,1
Pakistan,930.0,-6
Macao,630.0,-1
Spain,2120.0,-6
Brazil,2119.0,7
Germany,2050.0,1
Argentina,2037.0,17
Netherlands,1991.0,0
England,1952.0,-3
Italy,1932.0,6
Uruguay,1915.0,24
Portugal,1911.0,-7
Colombia,1902.0,-24
Sweden,1880.0,4
Chile,1877.0,6
Croatia,1872.0,8
France,1865.0,18
United States,1854.0,18
Russia,1853.0,9
Switzerland,1847.0,29
Ecuador,1828.0,-7
Greece,1820.0,3
Ukraine,1810.0,3
Bosnia and Herzegovina,1779.0,18
Mexico,1769.0,-18
Japan,1767.0,9
Costa Rica,1743.0,-6
Denmark,1734.0,17
Panama,1729.0,2
Czechia,1728.0,-6
Serbia,1728.0,35
Peru,1727.0,-17
Romania,1724.0,-47
Nigeria,1720.0,7
Paraguay,1712.0,-17
Venezuela,1710.0,17
Ireland,1709.0,-20
Turkey,1702.0,47
Hungary,1688.0,12
Ghana,1688.0,-9
Bulgaria,1686.0,5
Finland,1683.0,17
Norway,1682.0,-29
South Korea,1678.0,-8
Honduras,1668.0,-2
Egypt,1659.0,13
Poland,1656.0,2
Scotland,1646.0,22
Austria,1646.0,20
Israel,1640.0,-9
Slovenia,1632.0,22
Uzbekistan,1631.0,-9
Bolivia,1615.0,7
China,1613.0,1
Slovakia,1600.0,-18
Algeria,1586.0,15
Belarus,1584.0,-18
Jordan,1572.0,9
Mali,1562.0,-15
Burkina Faso,1558.0,-7
Wales,1554.0,-35
South Africa,1549.0,-17
Jamaica,1545.0,6
Armenia,1540.0,-17
Macedonia,1538.0,-22
Albania,1526.0,-17
Iceland,1515.0,17
Guinea,1510.0,-13
Canada,1501.0,-18
Georgia,1495.0,-17
Latvia,1482.0,-3
Estonia,1476.0,-12
Lithuania,1440.0,8
Northern Ireland,1419.0,-28
Cyprus,1399.0,-22
Kazakhstan,1365.0,-4
Zimbabwe,1353.0,17
Malta,1255.0,-5
Singapore,1254.0,-9
Luxembourg,1218.0,28
Hong Kong,1200.0,9
Faroe Islands,1192.0,-1
Liechtenstein,1192.0,-8
Malaysia,1182.0,-1
Mauritania,1171.0,18
Andorra,997.0,0
San Marino,881.0,-2
Indonesia,1251.0,9
Kyrgyzstan,1126.0,-9
Brazil,2132.0,5
Spain,2103.0,-19
Germany,2086.0,9
Netherlands,2003.0,-5
England,1933.0,-9
Colombia,1933.0,5
Portugal,1931.0,22
Chile,1913.0,-5
France,1881.0,24
United States,1861.0,-13
Russia,1845.0,6
Greece,1840.0,-1
Ecuador,1836.0,-4
Belgium,1835.0,-15
Sweden,1826.0,-22
Ukraine,1822.0,-24
Croatia,1806.0,7
Japan,1765.0,15
Costa Rica,1734.0,-8
Iran,1733.0,16
Australia,1729.0,8
Romania,1718.0,1
Ireland,1712.0,0
Turkey,1712.0,4
Scotland,1698.0,11
Ghana,1697.0,-18
South Korea,1687.0,-6
Honduras,1685.0,4
Egypt,1669.0,18
Austria,1662.0,13
Slovenia,1660.0,4
Uzbekistan,1652.0,7
United Arab Emirates,1651.0,4
Norway,1625.0,-11
Poland,1622.0,0
Slovakia,1605.0,-9
China,1593.0,-10
Belarus,1589.0,-4
Algeria,1583.0,14
South Africa,1574.0,19
Oman,1574.0,16
Kuwait,1573.0,8
Burkina Faso,1546.0,-14
Iceland,1541.0,-7
Saudi Arabia,1524.0,10
Iraq,1521.0,17
Jamaica,1517.0,-12
Trinidad and Tobago,1504.0,12
Canada,1486.0,-4
Syria,1469.0,-16
Qatar,1468.0,11
Estonia,1467.0,10
Bahrain,1459.0,6
Azerbaijan,1440.0,-6
Lebanon,1384.0,-16
Mozambique,1366.0,1
Zimbabwe,1356.0,3
Tanzania,1353.0,-3
Thailand,1341.0,-8
Namibia,1289.0,-1
Malta,1251.0,6
Indonesia,1231.0,-17
Vietnam,1218.0,-4
Faroe Islands,1182.0,-6
Hong Kong,1180.0,-7
Liechtenstein,1180.0,-10
Malaysia,1172.0,-11
Yemen,1172.0,-6
Gibraltar,1152.0,9
Kyrgyzstan,1132.0,6
India,1084.0,5
Nepal,910.0,-5
Jordan,1599.0,13
Singapore,1251.0,-13
France,1901.0,4
United States,1847.0,2
Japan,1770.0,1
United Arab Emirates,1645.0,-12
Uzbekistan,1631.0,-15
Norway,1614.0,-4
Armenia,1589.0,12
Oman,1580.0,15
Canada,1489.0,-1
Azerbaijan,1442.0,-2
Cyprus,1385.0,-1
Tanzania,1372.0,6
Palestine,1339.0,13
Malawi,1324.0,-6
Philippines,1254.0,18
Suriname,1243.0,7
French Guiana,1224.0,-7
Afghanistan,1095.0,-13
Maldives,1076.0,-18
Moldova,,1
Benin,1414.0,9
Congo,1410.0,20
Kenya,1390.0,-25
Tanzania,1357.0,-6
Mozambique,1354.0,6
Rwanda,1349.0,-20
Malawi,1290.0,-9
Lesotho,1252.0,25
Chile,1977.0,-3
Mexico,1885.0,3
Ecuador,1845.0,8
Ivory Coast,1758.0,2
Nigeria,1692.0,-37
Algeria,1683.0,10
Ghana,1681.0,-15
Bolivia,1612.0,-8
Cameroon,1593.0,29
Burkina Faso,1540.0,6
Tunisia,1533.0,7
Cape Verde,1524.0,22
Gabon,1492.0,14
Trinidad and Tobago,1490.0,-6
Uganda,1482.0,15
Zambia,1479.0,-11
Angola,1452.0,-14
Congo,1422.0,37
Democratic Republic of Congo,1418.0,-29
Mozambique,1380.0,11
Guadeloupe,1377.0,6
Ethiopia,1365.0,-10
Sierra Leone,1361.0,-2
Botswana,1335.0,-7
Palestine,1312.0,4
Niger,1286.0,-22
Lesotho,1258.0,-6
Vietnam,1251.0,8
Singapore,1249.0,3
Philippines,1217.0,-25
Hong Kong,1153.0,-8
Myanmar,1076.0,25
Papua New Guinea,1058.0,-3
Taiwan,840.0,-4
Algeria,1706.0,4
Ghana,1697.0,12
Ivory Coast,1691.0,-36
Nigeria,1666.0,6
Egypt,1642.0,5
Cameroon,1625.0,7
South Africa,1613.0,-14
Senegal,1604.0,-17
Tunisia,1590.0,17
Mali,1546.0,-35
Burkina Faso,1540.0,-7
Guinea,1523.0,-12
Gabon,1521.0,7
Cape Verde,1510.0,10
Togo,1489.0,15
Zambia,1476.0,13
Uganda,1466.0,-15
Democratic Republic of Congo,1461.0,36
Congo,1428.0,14
Angola,1428.0,15
Mozambique,1396.0,-10
Ethiopia,1361.0,35
Sudan,1360.0,-6
Sierra Leone,1353.0,-7
Malawi,1308.0,-4
Botswana,1300.0,-5
Niger,1287.0,-13
Lesotho,1253.0,-15
Uruguay,1892.0,-6
Costa Rica,1866.0,6
Qatar,1577.0,-1
North Korea,1550.0,4
Morocco,1543.0,7
Trinidad and Tobago,1524.0,12
Bahrain,1477.0,-14
Saudi Arabia,1459.0,1
Cuba,1408.0,6
Benin,1370.0,-7
French Guiana,1250.0,-12
Singapore,1224.0,2
Yemen,1193.0,14
Hong Kong,1164.0,-4
Curaçao,1087.0,-6
Laos,861.0,-2
Guam,792.0,28
Taiwan,787.0,-28
Suriname,1249.0,7
Guyana,1228.0,-7
North Korea,1457.0,11
Thailand,1354.0,-11
Tanzania,1272.0,-38
Madagascar,1251.0,38
Suriname,1234.0,-15
Swaziland,1199.0,35
Lesotho,1191.0,-35
Curaçao,1086.0,15
Netherlands,1921.0,-51
Belgium,1912.0,3
Italy,1874.0,4
Croatia,1781.0,-38
Czechia,1771.0,10
Turkey,1755.0,51
Bosnia and Herzegovina,1720.0,1
Ivory Coast,1715.0,-17
Iceland,1714.0,-18
Wales,1698.0,-10
Algeria,1682.0,6
Norway,1666.0,38
Cameroon,1626.0,11
Egypt,1623.0,14
Israel,1618.0,10
Bulgaria,1583.0,-4
Cape Verde,1554.0,16
Mali,1539.0,-4
Zambia,1527.0,19
Guinea,1498.0,-3
Latvia,1471.0,-10
Libya,1457.0,-16
Democratic Republic of Congo,1452.0,-44
Angola,1437.0,-5
Azerbaijan,1432.0,-6
Cyprus,1397.0,-3
Benin,1381.0,4
Malawi,1372.0,-2
Kenya,1370.0,-19
Kazakhstan,1358.0,18
Zimbabwe,1356.0,3
Gambia,1344.0,-11
Sierra Leone,1336.0,17
Mozambique,1312.0,-30
Central African Republic,1265.0,44
Madagascar,1252.0,5
Malta,1242.0,6
Chad,1242.0,-14
Swaziland,1239.0,2
Lesotho,1201.0,-6
Mauritius,1088.0,30
Andorra,962.0,-1
Brazil,2023.0,4
Chile,2018.0,14
Argentina,2004.0,-10
Colombia,1970.0,-37
Uruguay,1928.0,37
Belgium,1918.0,5
Mexico,1892.0,3
Netherlands,1890.0,-34
Italy,1887.0,6
Ecuador,1882.0,7
Turkey,1805.0,10
Croatia,1795.0,3
South Korea,1788.0,6
Peru,1783.0,-14
Costa Rica,1768.0,13
Czechia,1765.0,34
United States,1759.0,-13
Bosnia and Herzegovina,1749.0,9
Japan,1746.0,2
Paraguay,1729.0,10
Iran,1726.0,-2
Iceland,1689.0,-10
Wales,1679.0,1
Algeria,1672.0,7
Panama,1672.0,-3
Norway,1663.0,-6
Ghana,1659.0,-4
Senegal,1650.0,-7
Venezuela,1640.0,-4
Bolivia,1609.0,-7
Trinidad and Tobago,1594.0,-9
Jamaica,1592.0,-6
Bulgaria,1584.0,12
Israel,1578.0,-5
Qatar,1575.0,2
Jordan,1561.0,6
South Africa,1539.0,3
North Korea,1535.0,2
Honduras,1529.0,-3
Oman,1518.0,2
Syria,1510.0,6
Canada,1509.0,4
El Salvador,1482.0,-1
Kuwait,1467.0,-10
Congo,1460.0,5
Latvia,1454.0,-32
Guatemala,1449.0,1
Bahrain,1428.0,12
Cyprus,1423.0,-9
Azerbaijan,1413.0,-12
Thailand,1410.0,32
Lebanon,1389.0,10
Kazakhstan,1387.0,32
Benin,1376.0,-5
Namibia,1369.0,14
Burundi,1341.0,4
Liberia,1334.0,32
Sierra Leone,1333.0,17
Gambia,1325.0,-14
Botswana,1309.0,8
Niger,1284.0,4
Philippines,1271.0,-12
Madagascar,1270.0,-8
Mauritania,1261.0,14
Turkmenistan,1251.0,3
Central African Republic,1247.0,8
Chad,1245.0,-17
Malta,1236.0,-3
Tajikistan,1225.0,-6
Vietnam,1216.0,-32
Nicaragua,1214.0,9
Singapore,1201.0,1
Guinea-Bissau,1199.0,-32
Hong Kong,1186.0,2
Lesotho,1174.0,-16
Yemen,1157.0,-2
Kyrgyzstan,1150.0,9
Malaysia,1149.0,6
South Sudan,1077.0,-14
Afghanistan,1076.0,-6
Eritrea,1075.0,-8
Myanmar,1045.0,15
India,1028.0,-2
Maldives,1027.0,-2
Andorra,960.0,-1
Seychelles,954.0,-4
Bangladesh,929.0,-9
Comoros,924.0,16
Guam,892.0,-3
Somalia,857.0,-4
Laos,817.0,-15
East Timor,734.0,-6
Cambodia,731.0,-1
Bhutan,572.0,-2
Germany,2068.0,-17
Brazil,2028.0,5
Spain,2002.0,9
Argentina,1999.0,-5
France,1966.0,17
England,1947.0,-9
Belgium,1928.0,10
Netherlands,1897.0,7
Mexico,1896.0,4
Italy,1877.0,-10
Turkey,1811.0,6
Switzerland,1795.0,-9
Peru,1795.0,12
Czechia,1776.0,11
Costa Rica,1772.0,4
United States,1761.0,2
Poland,1761.0,8
Ireland,1749.0,6
Bosnia and Herzegovina,1743.0,-6
Slovakia,1734.0,9
Ivory Coast,1729.0,6
Paraguay,1717.0,-12
Serbia,1715.0,-11
Panama,1704.0,32
Iceland,1681.0,-8
Wales,1672.0,-7
Ghana,1640.0,-19
Senegal,1637.0,-13
Nigeria,1630.0,-14
Cameroon,1624.0,15
Albania,1614.0,-4
Trinidad and Tobago,1611.0,17
Greece,1603.0,-17
Northern Ireland,1594.0,4
South Africa,1571.0,32
Qatar,1569.0,-6
Jamaica,1560.0,-32
Tunisia,1542.0,11
Cape Verde,1529.0,-25
Canada,1524.0,15
Honduras,1514.0,-15
Haiti,1497.0,-4
El Salvador,1478.0,-4
Libya,1474.0,17
Latvia,1450.0,-4
Guatemala,1432.0,-17
Angola,1427.0,-32
Kenya,1396.0,25
Kosovo,1391.0,4
Rwanda,1379.0,-17
Liberia,1328.0,-6
Madagascar,1283.0,13
Niger,1269.0,-15
Swaziland,1264.0,14
Luxembourg,1255.0,17
Mauritania,1250.0,-11
Saint Vincent and the Grenadines,1181.0,-2
Comoros,943.0,19
Croatia,1818.0,4
Poland,1778.0,6
Romania,1765.0,1
Serbia,1709.0,-6
Slovenia,1622.0,3
Israel,1574.0,-4
Zambia,1498.0,-7
Congo,1491.0,7
Libya,1462.0,-34
Martinique,1444.0,0
Macedonia,1436.0,-3
Lithuania,1425.0,-1
Benin,1386.0,13
Kenya,1352.0,-24
Tanzania,1336.0,23
Guadeloupe,1306.0,-12
Chad,1250.0,-23
Antigua and Barbuda,1246.0,3
Guinea-Bissau,1223.0,24
Liechtenstein,1202.0,0
Suriname,1188.0,12
Barbados,1156.0,13
South Sudan,1142.0,-13
Gibraltar,1119.0,0
Sao Tome and Principe,1116.0,34
Curaçao,1107.0,-13
Aruba,929.0,-3
British Virgin Islands,623.0,0
Germany,2059.0,6
Argentina,2049.0,3
Brazil,2017.0,-10
Colombia,1979.0,17
France,1970.0,5
Chile,1967.0,15
Uruguay,1963.0,7
England,1959.0,-15
Mexico,1921.0,3
Belgium,1920.0,-8
Portugal,1909.0,8
Netherlands,1901.0,15
Ecuador,1884.0,-17
Italy,1866.0,-6
Turkey,1823.0,13
Austria,1791.0,-13
Costa Rica,1786.0,11
Switzerland,1778.0,-22
Ireland,1774.0,-4
Russia,1770.0,-5
Peru,1766.0,-7
Japan,1763.0,11
Sweden,1760.0,-3
Czechia,1754.0,3
Paraguay,1751.0,10
Bosnia and Herzegovina,1748.0,22
Slovakia,1739.0,4
Iran,1737.0,7
United States,1732.0,11
Denmark,1725.0,-8
Australia,1721.0,14
Scotland,1720.0,8
Ivory Coast,1720.0,-15
Serbia,1716.0,7
Panama,1675.0,7
Iceland,1672.0,12
Uzbekistan,1664.0,5
Algeria,1654.0,-14
Senegal,1653.0,7
Norway,1633.0,9
United Arab Emirates,1632.0,-11
Egypt,1623.0,15
Bulgaria,1614.0,12
Bolivia,1612.0,-3
Nigeria,1612.0,-15
Venezuela,1611.0,-15
Albania,1611.0,6
Cameroon,1605.0,5
Greece,1604.0,-12
Trinidad and Tobago,1587.0,4
South Africa,1581.0,-5
Belarus,1579.0,2
Jamaica,1577.0,-11
China,1574.0,23
Morocco,1572.0,19
Finland,1570.0,-9
Montenegro,1558.0,-2
Tunisia,1550.0,-4
Guinea,1550.0,14
Qatar,1550.0,-23
Democratic Republic of Congo,1543.0,30
Jordan,1533.0,-14
Saudi Arabia,1528.0,11
Honduras,1526.0,18
Syria,1519.0,-11
Canada,1509.0,-3
Guatemala,1508.0,-11
Iraq,1505.0,7
North Korea,1505.0,-30
Haiti,1500.0,-7
Uganda,1500.0,-9
Cape Verde,1496.0,-19
Estonia,1493.0,-7
Georgia,1474.0,-5
Oman,1470.0,-7
Latvia,1466.0,8
Burkina Faso,1456.0,9
Martinique,1451.0,7
El Salvador,1441.0,-18
Bahrain,1427.0,-5
Macedonia,1424.0,-12
Kazakhstan,1403.0,5
Togo,1395.0,4
Angola,1379.0,-30
Lebanon,1370.0,-17
Burundi,1350.0,43
Palestine,1349.0,1
Namibia,1330.0,-43
Liberia,1329.0,2
Rwanda,1321.0,12
Malawi,1311.0,-14
Cuba,1310.0,-33
French Guiana,1300.0,33
Sudan,1299.0,15
Gambia,1298.0,-8
Turkmenistan,1291.0,15
Guadeloupe,1285.0,-21
Ethiopia,1279.0,14
Niger,1275.0,-7
Mauritania,1273.0,8
Saint Kitts and Nevis,1271.0,14
Philippines,1268.0,30
Guyana,1250.0,16
Luxembourg,1244.0,-6
Antigua and Barbuda,1232.0,-14
Vietnam,1212.0,-7
Kyrgyzstan,1210.0,28
Suriname,1209.0,21
Tajikistan,1201.0,-28
Dominican Republic,1168.0,22
Singapore,1167.0,-24
Afghanistan,1151.0,24
Grenada,1148.0,6
Lesotho,1142.0,8
Saint Vincent and the Grenadines,1140.0,-4
Barbados,1134.0,-22
Malaysia,1111.0,-9
Gibraltar,1111.0,-8
Mauritius,1103.0,-12
India,1069.0,-15
Puerto Rico,1053.0,-16
Myanmar,1049.0,17
Seychelles,986.0,-8
Dominica,968.0,-7
Maldives,967.0,3
Djibouti,752.0,-2
US Virgin Islands,734.0,-6
East Timor,731.0,-1
Macao,623.0,9
Bhutan,552.0,-3
Belgium,1929.0,9
Mexico,1926.0,5
Peru,1776.0,4
Switzerland,1769.0,-9
United States,1752.0,8
Paraguay,1746.0,-5
Senegal,1659.0,6
Bolivia,1604.0,-8
New Zealand,1535.0,14
Armenia,1507.0,23
Guatemala,1485.0,-23
Gabon,1449.0,-23
El Salvador,1437.0,-4
Rwanda,1315.0,-6
Mauritania,1296.0,23
Fiji,1253.0,-14
Solomon Islands,1190.0,27
Vanuatu,1165.0,-27
Malaysia,1112.0,1
Myanmar,1048.0,-1
Spain,2002.0,10
Mexico,1967.0,-18
Italy,1918.0,43
Uruguay,1894.0,12
Belgium,1879.0,-43
Sweden,1763.0,0
Ireland,1758.0,0
Czechia,1744.0,-10
Venezuela,1693.0,18
Jamaica,1553.0,-12
Zimbabwe,1393.0,-8
Swaziland,1304.0,10
Madagascar,1252.0,8
Seychelles,966.0,-10
Argentina,2100.0,-15
Brazil,2022.0,12
Chile,1991.0,-18
France,1987.0,-14
Colombia,1946.0,-12
Portugal,1924.0,-35
Uruguay,1904.0,16
Netherlands,1902.0,-4
Mexico,1895.0,-18
Belgium,1881.0,8
Switzerland,1837.0,35
Peru,1813.0,16
Ecuador,1811.0,-16
Costa Rica,1808.0,13
South Korea,1789.0,-14
United States,1778.0,11
Bosnia and Herzegovina,1769.0,7
Iran,1750.0,-5
Paraguay,1739.0,-16
Sweden,1738.0,4
Japan,1734.0,14
Australia,1734.0,19
Hungary,1707.0,-16
Russia,1704.0,5
Venezuela,1694.0,15
Uzbekistan,1684.0,19
Panama,1664.0,-13
Greece,1637.0,3
Albania,1635.0,6
Bolivia,1634.0,18
Cameroon,1622.0,4
Egypt,1619.0,-13
Ghana,1618.0,-5
Belarus,1613.0,14
South Africa,1601.0,13
Bulgaria,1587.0,3
United Arab Emirates,1581.0,-19
China,1568.0,5
Honduras,1559.0,18
Saudi Arabia,1556.0,17
Trinidad and Tobago,1548.0,-11
Qatar,1533.0,-19
Canada,1521.0,15
Syria,1517.0,14
Haiti,1511.0,44
Guatemala,1510.0,5
Jamaica,1495.0,-44
Latvia,1487.0,3
Iraq,1461.0,-17
Estonia,1453.0,-7
Gabon,1451.0,-4
Macedonia,1425.0,-6
Cyprus,1412.0,-8
Thailand,1406.0,-14
El Salvador,1401.0,-15
Palestine,1343.0,-6
Philippines,1280.0,12
Faroe Islands,1248.0,16
Luxembourg,1232.0,-3
Tajikistan,1228.0,6
Indonesia,1220.0,9
Kyrgyzstan,1217.0,-12
Malaysia,1123.0,-9
Gibraltar,1108.0,-3
Saint Vincent and the Grenadines,1104.0,-5
Maldives,960.0,14
Andorra,958.0,-3
Bangladesh,852.0,-17
Laos,779.0,-14
Bhutan,566.0,17
Estonia,1430.0,-2
Thailand,1395.0,17
Saint Kitts and Nevis,1263.0,2
Philippines,1252.0,-12
Indonesia,1195.0,-17
Singapore,1136.0,12
Chile,1984.0,7
Costa Rica,1838.0,2
Iceland,1772.0,-7
Senegal,1709.0,27
Panama,1671.0,2
Algeria,1621.0,-14
Honduras,1581.0,12
Tunisia,1560.0,-27
Zimbabwe,1436.0,14
El Salvador,1406.0,-12
Nicaragua,1252.0,-2
Belize,1199.0,-2
Brazil,2118.0,27
Argentina,2055.0,11
Chile,1973.0,-11
Colombia,1929.0,4
Uruguay,1887.0,-27
Ecuador,1831.0,-23
Peru,1830.0,-3
Japan,1778.0,24
Iran,1772.0,14
South Korea,1762.0,-29
Paraguay,1724.0,23
Senegal,1705.0,-1
Australia,1701.0,-11
Venezuela,1686.0,3
Nigeria,1667.0,1
Uzbekistan,1638.0,-26
Bolivia,1628.0,-4
Saudi Arabia,1610.0,29
Syria,1573.0,26
United Arab Emirates,1562.0,-24
China,1549.0,29
Qatar,1540.0,-14
Jordan,1517.0,3
Iraq,1505.0,11
Uganda,1455.0,1
Bahrain,1425.0,-7
Thailand,1394.0,-29
Kenya,1383.0,-1
Tajikistan,1255.0,7
Tahiti,1250.0,31
Hong Kong,1196.0,-3
Afghanistan,1153.0,9
Singapore,1104.0,-9
Papua New Guinea,1098.0,-31
Germany,2040.0,0
England,1917.0,-8
Poland,1872.0,10
Slovakia,1766.0,10
Denmark,1737.0,12
Senegal,1702.0,5
Czechia,1697.0,-2
Cameroon,1691.0,11
Scotland,1685.0,8
Northern Ireland,1681.0,13
Romania,1667.0,-10
Ivory Coast,1652.0,-34
South Africa,1648.0,44
Slovenia,1642.0,3
Nigeria,1629.0,-44
Burkina Faso,1607.0,4
Morocco,1598.0,-11
Montenegro,1596.0,20
Democratic Republic of Congo,1595.0,10
Norway,1561.0,2
Guinea,1534.0,34
Mali,1531.0,11
Armenia,1500.0,-20
Lithuania,1447.0,-10
Gabon,1430.0,-11
Azerbaijan,1423.0,-13
Zambia,1414.0,-31
Congo,1403.0,-10
Kenya,1380.0,-16
Sierra Leone,1375.0,16
Kazakhstan,1368.0,-12
Mozambique,1363.0,31
Namibia,1351.0,-20
Equatorial Guinea,1337.0,-5
Malawi,1334.0,3
Mauritania,1330.0,24
Swaziland,1323.0,4
Tanzania,1317.0,-10
Burundi,1311.0,9
Guinea-Bissau,1288.0,20
Niger,1287.0,-4
Botswana,1250.0,-24
Lesotho,1245.0,10
Malta,1226.0,-3
Angola,1217.0,-4
Bermuda,1212.0,11
Grenada,1112.0,-11
Singapore,1081.0,-36
South Sudan,1064.0,-9
Comoros,1019.0,-3
Taiwan,891.0,36
San Marino,858.0,0
Mexico,1920.0,5
United States,1769.0,3
Paraguay,1707.0,-5
Ghana,1574.0,-3
Zambia,1441.0,10
Namibia,1345.0,-6
Lesotho,1251.0,6
Botswana,1240.0,-10
Qatar,1557.0,2
Turkmenistan,1252.0,-2
Brazil,2112.0,9
Argentina,2004.0,20
Portugal,2000.0,14
France,1979.0,1
Colombia,1932.0,4
Belgium,1929.0,2
Peru,1890.0,-4
Uruguay,1876.0,12
Netherlands,1872.0,18
Switzerland,1865.0,-14
Chile,1859.0,-9
Mexico,1829.0,-29
Sweden,1791.0,-18
Iran,1786.0,0
Costa Rica,1760.0,-22
Paraguay,1752.0,-29
Japan,1751.0,-8
Venezuela,1747.0,29
Ecuador,1747.0,-20
United States,1743.0,-33
Bosnia and Herzegovina,1724.0,14
Australia,1713.0,10
Bolivia,1706.0,-12
South Korea,1700.0,-19
Russia,1696.0,0
Panama,1669.0,22
Greece,1666.0,1
Morocco,1652.0,19
Honduras,1626.0,29
Ghana,1617.0,24
Hungary,1614.0,3
Syria,1612.0,-10
Bulgaria,1610.0,-11
Saudi Arabia,1603.0,-24
Belarus,1509.0,-1
Estonia,1495.0,-14
Qatar,1488.0,-18
Jordan,1484.0,-16
Haiti,1479.0,8
Oman,1458.0,5
North Korea,1442.0,-37
Lebanon,1440.0,37
Cape Verde,1438.0,-14
Trinidad and Tobago,1434.0,33
Cyprus,1421.0,-2
Gabon,1420.0,-11
Benin,1415.0,11
Palestine,1406.0,1
Latvia,1375.0,5
Bahrain,1371.0,-37
Mozambique,1311.0,14
Luxembourg,1306.0,11
Vietnam,1286.0,3
Faroe Islands,1281.0,-3
Curaçao,1267.0,18
Turkmenistan,1255.0,7
Philippines,1241.0,-1
Tajikistan,1222.0,6
Yemen,1221.0,1
Hong Kong,1219.0,14
Kyrgyzstan,1206.0,-2
Afghanistan,1141.0,16
Malaysia,1081.0,-14
Myanmar,1080.0,2
Singapore,1078.0,-7
Gibraltar,1078.0,-1
Andorra,1012.0,-5
Maldives,946.0,-5
Taiwan,930.0,37
Nepal,893.0,-6
Cambodia,821.0,-3
Bhutan,595.0,-1
Oman,1462.0,3
Uganda,1442.0,-28
Zanzibar,1357.0,28
Fiji,1253.0,38
Yemen,1224.0,-3
Vanuatu,1222.0,15
New Caledonia,1207.0,-38
Solomon Islands,1196.0,-15
Tuvalu,757.0,10
Tonga,546.0,-10
Brazil,2130.0,12
Germany,2091.0,-12
Spain,2048.0,12
Argentina,1983.0,-12
France,1983.0,8
England,1940.0,-4
Colombia,1934.0,-6
Belgium,1929.0,2
Peru,1906.0,11
Italy,1897.0,4
Switzerland,1878.0,6
Chile,1873.0,2
Mexico,1858.0,-11
Croatia,1853.0,11
Denmark,1841.0,-2
Poland,1830.0,5
Iran,1796.0,4
Sweden,1795.0,-10
Iceland,1787.0,-11
Serbia,1770.0,13
United States,1754.0,7
South Korea,1746.0,-5
Paraguay,1745.0,-7
Costa Rica,1743.0,-13
Ukraine,1742.0,9
Senegal,1742.0,0
Bosnia and Herzegovina,1731.0,0
Austria,1725.0,6
Turkey,1719.0,0
Scotland,1717.0,10
Australia,1715.0,6
Morocco,1709.0,8
Romania,1705.0,10
Nigeria,1698.0,-13
Japan,1693.0,-9
Russia,1684.0,-8
Greece,1664.0,10
Panama,1661.0,-6
Tunisia,1643.0,13
Egypt,1637.0,-10
Syria,1611.0,2
Montenegro,1609.0,0
Uzbekistan,1608.0,-8
Slovenia,1606.0,-23
Ivory Coast,1598.0,4
Hungary,1583.0,-10
Burkina Faso,1583.0,-24
Democratic Republic of Congo,1579.0,-23
Saudi Arabia,1565.0,-2
Iraq,1560.0,-2
Oman,1540.0,9
Algeria,1534.0,-4
Belarus,1530.0,23
Macedonia,1517.0,-4
Estonia,1503.0,-12
Georgia,1503.0,12
Jordan,1467.0,-14
Armenia,1463.0,-15
North Korea,1459.0,7
Lebanon,1458.0,2
Uganda,1452.0,-6
Bahrain,1418.0,15
Lithuania,1411.0,15
Kosovo,1405.0,24
Palestine,1403.0,-9
Azerbaijan,1392.0,4
Namibia,1386.0,4
Kenya,1372.0,-13
Luxembourg,1325.0,-6
Tanzania,1312.0,23
Central African Republic,1308.0,13
Malawi,1306.0,6
Vietnam,1288.0,14
Swaziland,1286.0,-6
Lesotho,1254.0,-4
Kyrgyzstan,1246.0,11
Turkmenistan,1243.0,-15
Tajikistan,1199.0,-17
Yemen,1197.0,6
Philippines,1190.0,17
Hong Kong,1187.0,-7
Afghanistan,1158.0,5
India,1151.0,-11
Mauritius,1074.0,4
Myanmar,1072.0,2
Malaysia,1055.0,-2
Singapore,1043.0,-19
Taiwan,997.0,19
Maldives,945.0,6
Seychelles,943.0,6
Nepal,899.0,-6
Cambodia,821.0,-5
Bangladesh,809.0,2
Laos,770.0,-2
Macao,674.0,-2
Mongolia,660.0,-4
Bhutan,588.0,-6
Moldova,,-4
France,1994.0,8
Colombia,1927.0,-7
Italy,1892.0,-8
Bosnia and Herzegovina,1745.0,20
Australia,1734.0,19
South Korea,1732.0,-20
Turkey,1726.0,-2
Czechia,1702.0,-19
Tunisia,1653.0,2
Egypt,1641.0,7
Georgia,1506.0,3
Algeria,1505.0,-15
Cape Verde,1439.0,15
Botswana,1313.0,21
Malawi,1274.0,-1
Angola,1252.0,1
Malta,1204.0,-3
India,1162.0,11
Mauritius,1072.0,-21
Taiwan,986.0,-11
Lesotho,1316.0,6
Cuba,1287.0,-2
Eswatini,1255.0,-6
Barbados,1137.0,2
Saint Martin,853.0,5
Anguilla,566.0,-5
Portugal,1974.0,1
Italy,1882.0,-1
Sweden,1834.0,20
Serbia,1804.0,7
South Korea,1774.0,1
Senegal,1755.0,5
Romania,1733.0,4
Australia,1722.0,-1
Nigeria,1720.0,-5
Scotland,1712.0,32
Turkey,1692.0,-20
Montenegro,1606.0,-7
Jamaica,1568.0,4
South Africa,1544.0,5
Mali,1527.0,21
Haiti,1521.0,22
Albania,1499.0,-32
Kosovo,1474.0,24
Libya,1473.0,9
Jordan,1469.0,2
Uganda,1463.0,12
Azerbaijan,1425.0,12
Thailand,1412.0,10
Gabon,1404.0,-21
Cape Verde,1398.0,-12
Benin,1386.0,-35
Namibia,1381.0,-10
Lithuania,1340.0,-4
Cuba,1338.0,12
Guinea-Bissau,1309.0,10
Gambia,1303.0,35
Equatorial Guinea,1292.0,-5
Nicaragua,1279.0,-22
Dominican Republic,1264.0,-12
Suriname,1257.0,-4
Faroe Islands,1254.0,-12
Malawi,1250.0,-26
New Caledonia,1219.0,3
India,1213.0,-2
Indonesia,1208.0,-10
Vanuatu,1206.0,-3
Philippines,1202.0,2
Malta,1179.0,-24
Saint Lucia,1140.0,-6
Comoros,1090.0,26
Seychelles,966.0,-9
Cayman Islands,943.0,6
East Timor,650.0,-2
Iraq,1583.0,5
China,1517.0,-2
United Arab Emirates,1484.0,-23
Jordan,1448.0,2
Kuwait,1439.0,23
Palestine,1395.0,-5
Turkmenistan,1252.0,-3
Afghanistan,1152.0,3
Spain,2027.0,12
Denmark,1889.0,5
Sweden,1826.0,-12
Ukraine,1824.0,1
Poland,1803.0,12
Serbia,1796.0,3
Romania,1750.0,5
Czechia,1737.0,13
Austria,1735.0,26
Ireland,1728.0,1
Norway,1684.0,7
Israel,1597.0,-12
Bulgaria,1579.0,-30
Slovenia,1571.0,21
Canada,1565.0,10
Montenegro,1561.0,-13
Kosovo,1543.0,30
Georgia,1526.0,-5
North Macedonia,1496.0,-26
Trinidad and Tobago,1429.0,-10
Luxembourg,1356.0,-1
Lithuania,1321.0,-3
Latvia,1250.0,-21
Fiji,1236.0,3
Faroe Islands,1226.0,-7
Vanuatu,1210.0,-3
Malta,1190.0,-5
Gibraltar,1094.0,-1
Senegal,1749.0,-33
Algeria,1702.0,33
North Korea,1366.0,11
Tajikistan,1252.0,-11
Belgium,2083.0,1
Brazil,2081.0,5
Netherlands,2017.0,2
Colombia,1985.0,4
Germany,1964.0,8
Croatia,1920.0,1
Mexico,1901.0,1
Venezuela,1829.0,21
Russia,1794.0,1
Poland,1789.0,6
Wales,1782.0,12
South Korea,1753.0,-5
Japan,1750.0,-21
Austria,1740.0,-37
Paraguay,1738.0,-3
Slovakia,1734.0,4
Ecuador,1726.0,-4
Qatar,1725.0,1
United States,1720.0,5
Northern Ireland,1678.0,-8
Morocco,1659.0,13
Scotland,1639.0,6
Tunisia,1619.0,10
Hungary,1618.0,-12
Ivory Coast,1615.0,-34
Iraq,1599.0,-6
Slovenia,1585.0,-6
Uzbekistan,1580.0,10
Georgia,1550.0,-1
North Macedonia,1546.0,16
Israel,1538.0,-16
Montenegro,1523.0,10
Saudi Arabia,1520.0,3
Oman,1519.0,3
Bahrain,1510.0,6
Belarus,1493.0,-10
El Salvador,1489.0,6
Syria,1486.0,5
Jordan,1478.0,2
Libya,1463.0,13
Estonia,1433.0,-2
Zambia,1432.0,-30
Madagascar,1429.0,37
Kuwait,1426.0,2
Vietnam,1411.0,-9
Zimbabwe,1408.0,30
Lebanon,1407.0,-8
Cyprus,1399.0,-1
Palestine,1385.0,-10
North Korea,1379.0,8
Mauritania,1379.0,22
Azerbaijan,1376.0,-4
Thailand,1361.0,9
Kazakhstan,1360.0,-6
Central African Republic,1345.0,-22
Tanzania,1317.0,-13
Bermuda,1299.0,-1
Equatorial Guinea,1297.0,-10
Ethiopia,1282.0,34
Kyrgyzstan,1272.0,-8
Burundi,1269.0,-13
Cuba,1268.0,-5
Turkmenistan,1268.0,1
Latvia,1254.0,37
Niger,1252.0,-37
Tajikistan,1236.0,8
Yemen,1209.0,-25
Malaysia,1204.0,18
India,1192.0,-3
Hong Kong,1188.0,4
Dominican Republic,1182.0,-6
Singapore,1161.0,25
Philippines,1156.0,-5
Afghanistan,1140.0,-1
Indonesia,1120.0,-18
Barbados,1103.0,12
Myanmar,1050.0,3
Saint Lucia,1035.0,-35
Puerto Rico,974.0,3
Maldives,949.0,9
Taiwan,943.0,-2
Nepal,923.0,-2
Cayman Islands,913.0,-12
Montserrat,860.0,35
Saint Martin,853.0,19
Cambodia,840.0,-4
San Marino,820.0,-1
Guam,736.0,-9
Mongolia,733.0,-3
US Virgin Islands,705.0,-19
Sri Lanka,673.0,-1
Anguilla,547.0,-3
Spain,2043.0,14
Germany,1963.0,1
Switzerland,1879.0,-1
Ukraine,1857.0,-14
Russia,1831.0,16
Wales,1805.0,5
Serbia,1763.0,-7
Turkey,1752.0,7
Ireland,1695.0,-30
Finland,1659.0,30
Hungary,1635.0,-16
Greece,1633.0,22
Slovenia,1584.0,3
Bulgaria,1558.0,-5
Kosovo,1524.0,-22
Faroe Islands,1256.0,19
Latvia,1243.0,1
Malta,1156.0,-1
Moldova,,-3
Andorra,1101.0,-19
France,2079.0,6
Spain,2045.0,2
Portugal,2028.0,-2
Italy,1982.0,0
Netherlands,1978.0,-15
Germany,1956.0,-7
Mexico,1918.0,15
Croatia,1902.0,13
Denmark,1869.0,1
Switzerland,1866.0,-13
Ukraine,1851.0,-6
Poland,1812.0,7
Turkey,1759.0,7
Czechia,1744.0,3
Austria,1741.0,5
Finland,1652.0,-7
Greece,1628.0,-5
Slovenia,1584.0,0
Montenegro,1558.0,-8
Zambia,1437.0,5
Cape Verde,1406.0,5
Estonia,1372.0,-22
Lithuania,1342.0,22
Cyprus,1341.0,-3
Malawi,1337.0,-5
Luxembourg,1335.0,-17
Faroe Islands,1255.0,-1
Latvia,1251.0,8
Liechtenstein,1166.0,17
Malta,1164.0,8
Andorra,1096.0,-5
Gibraltar,1082.0,-8
San Marino,808.0,0
Moldova,,0
Brazil,2135.0,28
France,2092.0,7
Spain,2049.0,26
Portugal,2038.0,17
Argentina,1994.0,26
Germany,1955.0,-26
Uruguay,1953.0,-28
Mexico,1928.0,8
Colombia,1896.0,-47
Croatia,1859.0,-17
Ecuador,1826.0,47
Sweden,1820.0,-7
Chile,1813.0,-17
Venezuela,1801.0,17
Peru,1792.0,-26
South Korea,1773.0,7
Paraguay,1769.0,-14
Japan,1745.0,-8
Morocco,1681.0,8
Nigeria,1668.0,-12
Qatar,1642.0,-7
Iraq,1628.0,8
Ivory Coast,1617.0,-6
Tunisia,1615.0,-12
Ghana,1603.0,-32
Egypt,1601.0,16
Jamaica,1582.0,13
Bolivia,1582.0,14
Mali,1574.0,13
Saudi Arabia,1556.0,-13
Uzbekistan,1552.0,-8
Montenegro,1531.0,12
Democratic Republic of Congo,1500.0,19
Benin,1476.0,-5
Madagascar,1422.0,6
Cape Verde,1384.0,-1
Azerbaijan,1383.0,5
Luxembourg,1362.0,-5
Angola,1349.0,-19
Sierra Leone,1344.0,12
Central African Republic,1331.0,-8
Sudan,1328.0,32
Cyprus,1326.0,-12
Namibia,1312.0,-13
Lesotho,1293.0,5
Togo,1292.0,-16
Tanzania,1291.0,12
Ethiopia,1275.0,29
Rwanda,1267.0,1
Faroe Islands,1262.0,3
Latvia,1261.0,33
Niger,1254.0,-29
Malta,1215.0,-3
Liechtenstein,1115.0,5
Gibraltar,1095.0,-5
Andorra,1037.0,-33
Nepal,909.0,1
Bangladesh,846.0,-1
France,2077.0,1
Spain,2034.0,3
Italy,2006.0,5
Germany,1971.0,10
England,1970.0,9
Denmark,1939.0,1
Switzerland,1882.0,1
Sweden,1838.0,15
Ukraine,1837.0,-12
Poland,1814.0,0
Austria,1786.0,2
United States,1765.0,8
Hungary,1743.0,1
Finland,1711.0,12
Romania,1666.0,-10
Scotland,1662.0,1
Greece,1650.0,6
Tunisia,1643.0,4
Ghana,1605.0,1
Honduras,1604.0,-6
Iceland,1596.0,-30
Israel,1578.0,-1
Northern Ireland,1575.0,-8
North Macedonia,1562.0,3
Armenia,1558.0,30
Albania,1550.0,-9
Panama,1542.0,2
Georgia,1500.0,-3
Bulgaria,1488.0,-5
Kosovo,1484.0,-15
South Africa,1478.0,-36
El Salvador,1466.0,-19
Curaçao,1434.0,11
Guinea,1433.0,-23
Sudan,1382.0,36
Lithuania,1360.0,-1
Libya,1354.0,-20
Trinidad and Tobago,1352.0,-13
Equatorial Guinea,1352.0,-4
Namibia,1335.0,23
Kazakhstan,1332.0,-1
Tanzania,1294.0,20
Faroe Islands,1264.0,-2
Cuba,1252.0,-11
Liechtenstein,1106.0,-3
Sao Tome and Principe,1063.0,-1
Andorra,1034.0,0
Dominica,1012.0,-2
Puerto Rico,994.0,13
Montserrat,893.0,19
San Marino,829.0,-1
Moldova,,-1
Iraq,1630.0,-9
Jordan,1476.0,-16
United Arab Emirates,1453.0,16
Tajikistan,1251.0,9
Germany,1935.0,1
Ukraine,1814.0,2
Iran,1794.0,25
Serbia,1792.0,-6
Japan,1762.0,2
Australia,1731.0,1
Qatar,1658.0,8
Iraq,1631.0,1
Jamaica,1578.0,6
Uzbekistan,1568.0,7
Bahrain,1544.0,-25
Oman,1496.0,-8
Syria,1481.0,1
Jordan,1477.0,3
United Arab Emirates,1474.0,13
China,1473.0,9
Vietnam,1425.0,12
Cyprus,1365.0,-2
Rwanda,1324.0,14
Thailand,1319.0,-13
Latvia,1288.0,-1
Central African Republic,1282.0,-14
Faroe Islands,1263.0,7
Tajikistan,1252.0,-2
Kyrgyzstan,1234.0,-38
India,1200.0,8
Philippines,1147.0,-9
Singapore,1139.0,-7
Indonesia,1108.0,-12
Liechtenstein,1092.0,-7
Gibraltar,1088.0,1
Andorra,1029.0,-1
Nepal,941.0,-3
Taiwan,909.0,-1
Bangladesh,850.0,-8
Cambodia,838.0,-1
Mongolia,769.0,38
Guam,734.0,-1
France,2046.0,-9
Portugal,2012.0,4
Denmark,1970.0,1
Netherlands,1920.0,4
Croatia,1841.0,17
Serbia,1802.0,4
Ukraine,1789.0,9
Norway,1749.0,7
Austria,1740.0,-41
Russia,1739.0,9
Turkey,1719.0,3
Finland,1708.0,3
Qatar,1681.0,-4
Israel,1662.0,41
Slovakia,1656.0,-17
Bosnia and Herzegovina,1648.0,2
Scotland,1626.0,2
Slovenia,1616.0,3
Ireland,1604.0,-16
Montenegro,1528.0,-4
Haiti,1527.0,20
Jordan,1450.0,-20
Luxembourg,1395.0,-4
Azerbaijan,1377.0,16
Kuwait,1373.0,-2
Kazakhstan,1359.0,-3
Cyprus,1316.0,-9
Latvia,1283.0,-7
Malta,1256.0,-3
Burundi,1252.0,8
Faroe Islands,1247.0,-1
Gibraltar,1076.0,-3
Seychelles,893.0,-8
Moldova,,-2
England,2045.0,0
Portugal,2018.0,3
Denmark,1978.0,1
Switzerland,1913.0,5
Sweden,1865.0,5
Ukraine,1814.0,21
Serbia,1803.0,6
Poland,1782.0,0
Austria,1716.0,7
Senegal,1705.0,6
Greece,1704.0,22
Morocco,1701.0,6
Finland,1683.0,-21
Hungary,1677.0,-32
Qatar,1673.0,-3
Scotland,1671.0,14
Bosnia and Herzegovina,1649.0,17
Israel,1641.0,-14
Ireland,1631.0,22
Albania,1604.0,32
Northern Ireland,1602.0,-5
Ghana,1588.0,7
Uzbekistan,1554.0,7
South Africa,1551.0,23
Kosovo,1502.0,-5
New Zealand,1498.0,12
Bulgaria,1492.0,-42
Georgia,1463.0,-22
Guinea,1423.0,-4
Curaçao,1405.0,-12
Luxembourg,1394.0,-6
Guinea-Bissau,1383.0,-6
Namibia,1383.0,-6
Sudan,1358.0,4
Kazakhstan,1358.0,-17
Gambia,1355.0,-16
Sierra Leone,1353.0,16
Azerbaijan,1352.0,-22
Congo,1350.0,0
Lithuania,1333.0,42
Zimbabwe,1333.0,-7
Ethiopia,1325.0,-23
Faroe Islands,1253.0,-7
Togo,1251.0,0
Malaysia,1192.0,-7
Andorra,1038.0,0
Cambodia,852.0,14
San Marino,816.0,0
Guam,714.0,-14
Moldova,,-1
France,2104.0,1
Belgium,2082.0,1
Netherlands,1919.0,-15
Wales,1827.0,5
Norway,1742.0,-19
Finland,1732.0,36
Turkey,1711.0,1
Ivory Coast,1665.0,8
Nigeria,1657.0,8
Tunisia,1634.0,-29
Bosnia and Herzegovina,1626.0,-36
Cameroon,1588.0,13
Montenegro,1529.0,15
Cape Verde,1453.0,8
Belarus,1443.0,-5
Zambia,1433.0,23
Estonia,1431.0,-1
Equatorial Guinea,1426.0,29
Kazakhstan,1344.0,-1
Mauritania,1340.0,-23
Sierra Leone,1333.0,-20
Liberia,1326.0,-8
Latvia,1309.0,19
Central African Republic,1295.0,-8
Malawi,1292.0,-13
Mozambique,1284.0,-8
Cuba,1276.0,-14
Comoros,1253.0,20
Burundi,1244.0,4
Nicaragua,1230.0,14
Gibraltar,1065.0,-1
Myanmar,1006.0,-4
Maldives,904.0,-18
Seychelles,901.0,10
Bangladesh,878.0,18
Sri Lanka,656.0,-10
Eswatini,1250.0,8
Lesotho,1191.0,-8
New Zealand,1532.0,14
Fiji,1250.0,-14
New Caledonia,1220.0,-26
Papua New Guinea,1173.0,26
Brazil,2166.0,4
France,2073.0,-10
Denmark,1983.0,15
Croatia,1808.0,10
South Korea,1805.0,10
Japan,1803.0,-4
Austria,1759.0,-15
Chile,1757.0,-10
Slovakia,1648.0,-37
Albania,1586.0,4
Iceland,1546.0,-4
Belarus,1454.0,-10
Equatorial Guinea,1439.0,16
Honduras,1429.0,-29
Curaçao,1410.0,29
Kazakhstan,1387.0,37
Latvia,1350.0,4
Trinidad and Tobago,1342.0,1
Libya,1331.0,-16
Azerbaijan,1292.0,10
Nicaragua,1251.0,-4
Saint Vincent and the Grenadines,1089.0,4
Andorra,1073.0,3
Liechtenstein,1051.0,-4
Bonaire,973.0,-11
Aruba,935.0,30
Bahamas,872.0,-1
Cayman Islands,865.0,-16
Saint Martin,820.0,-30
Sint Maarten,769.0,11
Turks and Caicos Islands,735.0,-19
US Virgin Islands,683.0,19
British Virgin Islands,616.0,16
Moldova,,-3
Belgium,2033.0,14
Netherlands,2003.0,7
Germany,1988.0,26
Italy,1949.0,-26
England,1937.0,-66
Ukraine,1848.0,-9
Hungary,1823.0,66
Mexico,1823.0,-10
Wales,1822.0,-7
United States,1818.0,-12
South Korea,1806.0,6
Poland,1803.0,-14
Japan,1766.0,-43
Turkey,1745.0,2
Costa Rica,1726.0,11
Chile,1718.0,-8
Scotland,1706.0,28
Ireland,1689.0,9
Tunisia,1684.0,43
Finland,1663.0,-18
Egypt,1636.0,-6
Bosnia and Herzegovina,1635.0,18
Montenegro,1590.0,52
Romania,1574.0,-52
Jordan,1574.0,23
Uzbekistan,1555.0,12
Jamaica,1547.0,10
New Zealand,1544.0,-11
Haiti,1536.0,11
Ghana,1535.0,8
Bahrain,1524.0,7
El Salvador,1501.0,12
Armenia,1478.0,-28
Palestine,1432.0,11
Luxembourg,1412.0,-13
Thailand,1394.0,-12
Latvia,1390.0,12
French Guiana,1329.0,5
Tajikistan,1306.0,4
Kuwait,1299.0,-23
Kyrgyzstan,1268.0,-4
Lithuania,1260.0,-2
Faroe Islands,1260.0,13
Turkmenistan,1252.0,-7
Indonesia,1251.0,14
India,1235.0,24
Malaysia,1194.0,5
Guyana,1183.0,-11
Hong Kong,1153.0,-24
Singapore,1126.0,22
Yemen,1100.0,-51
Philippines,1097.0,-11
Afghanistan,1097.0,-13
Andorra,1077.0,-9
Belize,1076.0,-5
Liechtenstein,1026.0,-12
Bonaire,996.0,8
Myanmar,930.0,-22
Nepal,922.0,-14
Maldives,917.0,9
Cambodia,863.0,13
Bangladesh,843.0,-5
Mongolia,805.0,51
Sint Maarten,776.0,-31
Sri Lanka,677.0,-9
Moldova,,9
Turks and Caicos Islands,728.0,31
US Virgin Islands,660.0,-8
Angola,1389.0,-25
Botswana,1352.0,25
Eswatini,1306.0,27
Malawi,1293.0,7
Comoros,1251.0,5
Lesotho,1219.0,-27
Mauritius,940.0,-7
Seychelles,891.0,-5
Brazil,2167.0,1
Argentina,2140.0,1
Italy,1963.0,14
Germany,1955.0,-33
Uruguay,1926.0,-14
England,1923.0,-14
Hungary,1856.0,33
Ecuador,1841.0,-6
Iran,1823.0,14
United States,1801.0,-17
Japan,1799.0,17
South Korea,1780.0,-4
Canada,1778.0,10
Morocco,1751.0,14
Paraguay,1740.0,4
Costa Rica,1730.0,4
Algeria,1714.0,2
Chile,1704.0,-14
Georgia,1662.0,19
Finland,1653.0,-10
Qatar,1648.0,-10
Bosnia and Herzegovina,1647.0,12
Egypt,1639.0,3
Saudi Arabia,1628.0,6
Mali,1618.0,4
Cameroon,1613.0,-18
North Macedonia,1595.0,-19
Burkina Faso,1586.0,6
Romania,1584.0,10
Jordan,1584.0,10
Montenegro,1578.0,-12
Uzbekistan,1573.0,18
Iraq,1564.0,0
Oman,1558.0,0
Ghana,1534.0,-1
Bahrain,1510.0,-14
United Arab Emirates,1498.0,-4
Cape Verde,1480.0,14
Bulgaria,1476.0,4
Zambia,1464.0,-4
Honduras,1461.0,-1
Syria,1450.0,-10
Democratic Republic of Congo,1442.0,-6
Equatorial Guinea,1434.0,-5
Estonia,1417.0,7
Guinea,1387.0,-2
Ethiopia,1352.0,-4
Sudan,1304.0,4
Rwanda,1271.0,5
Niger,1252.0,-3
Malta,1238.0,-7
Gibraltar,1054.0,-4
Qatar,1652.0,2
Nicaragua,1251.0,-2
Argentina,2143.0,2
Italy,1995.0,3
Germany,1962.0,3
Croatia,1926.0,5
Peru,1848.0,5
Poland,1813.0,5
Mexico,1809.0,-12
Iran,1798.0,-21
Czechia,1788.0,1
Scotland,1752.0,-9
Sweden,1747.0,12
Paraguay,1735.0,-5
Austria,1729.0,1
Algeria,1714.0,-5
Tunisia,1705.0,21
Turkey,1701.0,9
Chile,1697.0,-5
Ivory Coast,1680.0,3
Saudi Arabia,1636.0,-5
Mali,1617.0,5
Uzbekistan,1572.0,5
Iceland,1546.0,-8
Oman,1545.0,-3
Albania,1535.0,-3
Bulgaria,1520.0,13
Kosovo,1514.0,-4
United Arab Emirates,1486.0,-2
El Salvador,1483.0,-14
Armenia,1459.0,4
Estonia,1421.0,1
Azerbaijan,1399.0,9
Kazakhstan,1396.0,-5
Latvia,1348.0,-1
Cyprus,1337.0,-13
Faroe Islands,1301.0,-1
Nicaragua,1265.0,14
Lithuania,1255.0,8
Burundi,1252.0,-3
Andorra,1118.0,-1
Gibraltar,1060.0,8
Liechtenstein,977.0,-8
Nepal,936.0,6
Pakistan,872.0,-6
Moldova,,-9
Argentina,2145.0,1
Portugal,1998.0,0
England,1992.0,26
Italy,1947.0,-26
Denmark,1890.0,8
Hungary,1825.0,1
Mexico,1819.0,6
Iran,1776.0,-4
Russia,1757.0,4
Algeria,1706.0,2
Slovenia,1677.0,11
Finland,1653.0,-8
Panama,1639.0,-1
Bosnia and Herzegovina,1634.0,18
Ghana,1599.0,6
Slovakia,1567.0,-12
Northern Ireland,1541.0,1
North Macedonia,1537.0,4
New Zealand,1524.0,-4
Iceland,1517.0,-18
Gabon,1494.0,6
China,1475.0,4
Zambia,1473.0,8
Luxembourg,1454.0,12
Estonia,1447.0,-1
Angola,1398.0,-6
Kazakhstan,1380.0,-11
Cuba,1335.0,9
French Guiana,1322.0,-13
Suriname,1315.0,-6
Central African Republic,1309.0,48
Sudan,1296.0,-6
Congo,1263.0,-34
Malta,1256.0,-4
Madagascar,1251.0,-48
Malaysia,1249.0,7
Turkmenistan,1245.0,-7
Niger,1239.0,-2
Lesotho,1229.0,-8
Solomon Islands,1225.0,19
Antigua and Barbuda,1191.0,28
Dominican Republic,1188.0,13
Guadeloupe,1186.0,-28
Saint Kitts and Nevis,1184.0,8
New Caledonia,1180.0,-9
Tahiti,1147.0,9
Hong Kong,1138.0,-3
South Sudan,1136.0,34
Singapore,1133.0,3
Vanuatu,1129.0,-19
Puerto Rico,1093.0,6
Barbados,1013.0,-9
Liechtenstein,977.0,0
Saint Martin,831.0,-8
San Marino,782.0,-1
British Virgin Islands,607.0,-6
Argentina,2145.0,0
Belgium,1987.0,12
Spain,1963.0,-42
Croatia,1956.0,21
Germany,1950.0,-12
Colombia,1929.0,11
Uruguay,1915.0,10
Switzerland,1890.0,7
Morocco,1879.0,-1
Peru,1845.0,1
Ecuador,1840.0,12
Japan,1839.0,-11
Scotland,1798.0,42
South Korea,1780.0,-10
Iran,1777.0,1
Australia,1776.0,-12
Tunisia,1755.0,6
Senegal,1754.0,5
Norway,1744.0,0
Wales,1733.0,2
Canada,1732.0,9
Costa Rica,1714.0,-31
Turkey,1701.0,-21
Venezuela,1691.0,-3
Ivory Coast,1678.0,8
Egypt,1675.0,11
Panama,1670.0,31
Georgia,1651.0,0
Cameroon,1625.0,-33
Romania,1621.0,6
Bolivia,1617.0,12
Israel,1601.0,-7
Burkina Faso,1598.0,-10
Mali,1595.0,-31
Jordan,1592.0,2
Uzbekistan,1588.0,3
Saudi Arabia,1574.0,-12
Haiti,1547.0,6
South Africa,1539.0,14
Bahrain,1502.0,5
Kosovo,1500.0,-18
Cape Verde,1479.0,12
Honduras,1472.0,-9
Democratic Republic of Congo,1472.0,0
Equatorial Guinea,1467.0,20
United Arab Emirates,1455.0,9
Gambia,1443.0,31
Armenia,1435.0,-5
Syria,1423.0,-5
Namibia,1414.0,33
Belarus,1404.0,-6
Uganda,1391.0,24
Thailand,1379.0,-9
Mauritania,1372.0,0
Kenya,1371.0,-1
Cyprus,1356.0,5
Kuwait,1353.0,7
Curaçao,1351.0,0
Latvia,1348.0,-2
Libya,1338.0,-6
Botswana,1326.0,-20
Tajikistan,1326.0,-7
Togo,1319.0,10
Tanzania,1313.0,-24
Mozambique,1311.0,-5
Liberia,1308.0,-14
Eswatini,1298.0,-12
Indonesia,1285.0,-4
Malaysia,1256.0,7
Malawi,1252.0,-11
Burundi,1246.0,4
India,1240.0,18
Kyrgyzstan,1236.0,-18
Comoros,1235.0,-8
Guyana,1210.0,-13
Bermuda,1158.0,-6
Hong Kong,1131.0,-7
Andorra,1122.0,18
Philippines,1046.0,-2
Montserrat,972.0,13
Nepal,928.0,-13
Seychelles,887.0,13
Bonaire,876.0,-33
Bangladesh,851.0,-13
Sint Maarten,837.0,16
Turks and Caicos Islands,781.0,33
US Virgin Islands,633.0,-16
Bhutan,567.0,13
Chile,1706.0,2
Uzbekistan,1615.0,27
Oman,1575.0,-27
Guatemala,1461.0,-13
Uganda,1389.0,-2
Trinidad and Tobago,1373.0,13
Cuba,1341.0,-2
Central African Republic,1336.0,2
Tajikistan,1321.0,-5
Turkmenistan,1250.0,5
Mauritius,963.0,14
Pakistan,852.0,-14
United States,1819.0,-14
Canada,1724.0,14
Jamaica,1604.0,20
Guatemala,1496.0,-20
Zambia,1484.0,9
Malawi,1296.0,5
Comoros,1253.0,-9
Seychelles,874.0,-5
Madagascar,1254.0,15
Mayotte,1209.0,-15
Argentina,2159.0,2
Brazil,2090.0,-18
Spain,2017.0,10
Croatia,1978.0,-37
Colombia,1939.0,-8
Uruguay,1914.0,8
Ecuador,1879.0,11
Scotland,1817.0,-10
Peru,1798.0,-32
Russia,1763.0,4
Norway,1755.0,11
Czechia,1748.0,-43
Turkey,1742.0,37
Chile,1739.0,32
Poland,1729.0,6
Venezuela,1728.0,18
Sweden,1722.0,2
Algeria,1712.0,5
Paraguay,1703.0,-2
Egypt,1676.0,6
Albania,1657.0,43
Cameroon,1631.0,-4
Romania,1629.0,-12
Georgia,1629.0,6
Jamaica,1591.0,8
Bolivia,1584.0,-11
Montenegro,1553.0,3
Haiti,1513.0,-7
Zambia,1504.0,-6
Kosovo,1491.0,14
Cape Verde,1490.0,-5
United Arab Emirates,1486.0,5
Bahrain,1480.0,4
Honduras,1477.0,-10
Armenia,1470.0,-38
Belarus,1416.0,12
Kuwait,1385.0,-5
Thailand,1384.0,-6
Latvia,1356.0,38
Cyprus,1323.0,-11
Lebanon,1311.0,-3
Cuba,1305.0,10
Guadeloupe,1299.0,-26
Indonesia,1297.0,1
Suriname,1291.0,7
Kyrgyzstan,1251.0,-4
Faroe Islands,1248.0,-6
Saint Lucia,1136.0,26
Singapore,1132.0,2
Saint Kitts and Nevis,1131.0,6
Hong Kong,1122.0,2
Andorra,1115.0,-14
Grenada,1107.0,-8
Yemen,1099.0,6
Afghanistan,1082.0,7
Dominica,981.0,-15
Myanmar,928.0,9
Taiwan,927.0,7
Bangladesh,912.0,5
Nepal,912.0,-16
Maldives,896.0,-5
Cambodia,867.0,-9
Bonaire,861.0,6
Pakistan,819.0,9
Sint Maarten,810.0,-6
Mongolia,805.0,-7
Guam,705.0,-2
Laos,680.0,16
Sri Lanka,671.0,-6
British Virgin Islands,658.0,15
Macao,657.0,-9
East Timor,619.0,-7
Brunei,601.0,-1
Anguilla,578.0,-6
Bhutan,566.0,-2
Moldova,,-2
England,2030.0,0
Italy,1943.0,4
Denmark,1877.0,7
Mexico,1792.0,-48
Czechia,1753.0,4
Tunisia,1731.0,1
Greece,1714.0,5
Poland,1707.0,-4
Slovenia,1705.0,-7
Albania,1649.0,-12
Finland,1641.0,13
Mali,1631.0,2
Ivory Coast,1629.0,1
Cameroon,1625.0,1
Ghana,1580.0,4
North Macedonia,1551.0,-4
Burkina Faso,1549.0,-8
Honduras,1538.0,48
Zambia,1523.0,7
New Zealand,1522.0,-5
Kazakhstan,1486.0,1
Guinea,1444.0,17
Northern Ireland,1437.0,-13
Guinea-Bissau,1411.0,8
Uganda,1362.0,-17
Malawi,1354.0,24
Libya,1347.0,17
Nicaragua,1344.0,14
Solomon Islands,1302.0,1
Madagascar,1288.0,-4
Central African Republic,1286.0,-30
Liberia,1270.0,-24
Eswatini,1269.0,-17
Congo,1266.0,-7
French Guiana,1257.0,-26
Malta,1250.0,0
Comoros,1241.0,30
Dominican Republic,1193.0,-28
Chad,1178.0,-2
Bermuda,1175.0,14
Belize,1098.0,26
Sao Tome and Principe,1062.0,-1
Saint Vincent and the Grenadines,1037.0,-14
Mauritius,1029.0,-1
Montserrat,1003.0,28
Barbados,955.0,-14
Seychelles,859.0,-1
San Marino,777.0,-1
Samoa,677.0,-1
Moldova,,12
United Arab Emirates,1531.0,2
Kyrgyzstan,1251.0,-2
South Korea,1773.0,-23
Saudi Arabia,1605.0,-13
Jordan,1519.0,-33
Oman,1518.0,-17
Bahrain,1466.0,33
Thailand,1431.0,13
Malaysia,1291.0,23
Kyrgyzstan,1253.0,17
Portugal,2035.0,3
Italy,1942.0,5
Ecuador,1886.0,3
Ukraine,1857.0,7
Japan,1852.0,1
Mexico,1826.0,32
Iran,1816.0,1
Serbia,1786.0,-16
Russia,1773.0,16
United States,1772.0,12
Australia,1767.0,2
Venezuela,1750.0,-5
Greece,1738.0,10
Panama,1733.0,-32
Slovenia,1716.0,-8
Wales,1715.0,20
Poland,1714.0,5
South Korea,1713.0,-17
Sweden,1691.0,-3
Uzbekistan,1667.0,3
Georgia,1650.0,13
Iraq,1640.0,1
Qatar,1638.0,7
Finland,1621.0,-20
Saudi Arabia,1621.0,5
Jamaica,1610.0,-12
Jordan,1599.0,1
Cape Verde,1564.0,5
South Africa,1563.0,-13
Montenegro,1561.0,12
Israel,1557.0,-45
Iceland,1550.0,45
Oman,1526.0,8
Luxembourg,1507.0,-13
United Arab Emirates,1504.0,2
Guatemala,1481.0,-3
Bosnia and Herzegovina,1477.0,-7
Kazakhstan,1477.0,-10
Guinea,1468.0,6
Bahrain,1461.0,2
Belarus,1457.0,-12
Syria,1444.0,-17
Thailand,1437.0,17
Palestine,1417.0,5
China,1400.0,-10
Tajikistan,1380.0,-5
North Korea,1370.0,-1
Estonia,1357.0,-5
Latvia,1349.0,2
Kuwait,1340.0,-7
Lithuania,1326.0,7
Cyprus,1320.0,-2
Vietnam,1318.0,-18
Indonesia,1297.0,18
Solomon Islands,1288.0,-23
Ethiopia,1285.0,-14
Malaysia,1285.0,-8
Lebanon,1284.0,-2
Guyana,1268.0,-5
Kyrgyzstan,1266.0,13
Malta,1258.0,8
Lesotho,1252.0,14
India,1228.0,-9
Fiji,1221.0,23
Turkmenistan,1216.0,-1
Puerto Rico,1146.0,0
Singapore,1127.0,10
Andorra,1115.0,13
Yemen,1101.0,-2
Afghanistan,1085.0,9
Vanuatu,1074.0,-6
Hong Kong,1060.0,-3
Belize,1057.0,0
Philippines,1052.0,-1
Gibraltar,1051.0,-7
Bangladesh,939.0,-5
Myanmar,926.0,17
Taiwan,912.0,-13
Nepal,894.0,-2
Pakistan,828.0,-1
Spain,2057.0,37
Colombia,2014.0,3
Italy,1956.0,7
Croatia,1931.0,-37
Switzerland,1844.0,40
Hungary,1791.0,-40
Albania,1616.0,-7
Bolivia,1590.0,-3
Solomon Islands,1253.0,-35
Vanuatu,1081.0,35
France,2014.0,17
Italy,1943.0,4
Belgium,1923.0,-17
Austria,1853.0,-23
Turkey,1811.0,8
Morocco,1779.0,1
Slovenia,1777.0,6
Senegal,1753.0,3
Norway,1747.0,23
Romania,1713.0,4
Wales,1701.0,17
Costa Rica,1661.0,-4
Angola,1581.0,6
Democratic Republic of Congo,1576.0,11
Iceland,1574.0,-8
Israel,1556.0,-4
Equatorial Guinea,1522.0,-13
Haiti,1517.0,2
Montenegro,1516.0,-17
Kosovo,1512.0,34
Guatemala,1503.0,4
Ghana,1499.0,-14
Kazakhstan,1457.0,-6
Syria,1441.0,16
Martinique,1405.0,-13
Uganda,1389.0,14
Sudan,1383.0,-6
Togo,1368.0,13
Comoros,1340.0,-1
Suriname,1338.0,-16
Guadeloupe,1336.0,16
Curaçao,1328.0,7
Madagascar,1325.0,1
Lithuania,1323.0,-4
Burundi,1311.0,-3
Cyprus,1309.0,-34
Ethiopia,1297.0,-11
Congo,1261.0,-14
Guyana,1251.0,13
Niger,1239.0,14
Lesotho,1203.0,-1
India,1170.0,-16
Puerto Rico,1141.0,7
Saint Lucia,1140.0,24
Grenada,1070.0,-24
Aruba,943.0,-7
Saint Martin,916.0,-7
Sint Maarten,893.0,-2
Samoa,739.0,6
Cook Islands,622.0,-16
Tonga,520.0,-6
Eastern Samoa,389.0,16
Spain,2160.0,4
Portugal,1994.0,19
Croatia,1917.0,6
Denmark,1858.0,-4
Switzerland,1827.0,-28
Serbia,1812.0,28
Morocco,1782.0,3
United States,1738.0,11
Poland,1728.0,-19
Romania,1723.0,10
Panama,1719.0,-11
Scotland,1698.0,-6
Kosovo,1527.0,15
Northern Ireland,1518.0,-3
Bulgaria,1493.0,-8
Luxembourg,1470.0,8
Belarus,1467.0,3
Guinea,1466.0,21
Central African Republic,1328.0,-3
Lithuania,1308.0,-15
Cyprus,1299.0,-10
Ethiopia,1276.0,-21
Dominican Republic,1251.0,13
Vietnam,1250.0,-5
India,1175.0,5
Bermuda,1145.0,18
Vanuatu,1097.0,5
Dominica,999.0,-18
Antigua and Barbuda,933.0,-13
Cayman Islands,821.0,11
Bahamas,806.0,15
Samoa,734.0,-5
Turks and Caicos Islands,652.0,21
British Virgin Islands,626.0,-11
Anguilla,622.0,-21
US Virgin Islands,586.0,-15
Indonesia,1397.0,4
Kuwait,1345.0,-6
Vietnam,1254.0,4
Solomon Islands,1195.0,16
Yemen,1092.0,6
Vanuatu,1056.0,-16
Myanmar,904.0,-4
Laos,672.0,-4
Russia,1789.0,0
Tunisia,1606.0,8
Cameroon,1578.0,-16
Kazakhstan,1425.0,12
Vietnam,1358.0,1
Curaçao,1324.0,-12
Madagascar,1323.0,35
Liberia,1256.0,-8
Central African Republic,1250.0,-35
Eswatini,1233.0,16
India,1178.0,3
Hong Kong,1138.0,1
Grenada,1072.0,0
Maldives,886.0,-3
Cambodia,850.0,-1
Macao,598.0,-1
England,2011.0,0
Netherlands,1974.0,8
Denmark,1863.0,2
Turkey,1847.0,10
Austria,1845.0,8
Serbia,1838.0,-6
Greece,1836.0,7
Switzerland,1827.0,15
Mexico,1802.0,-15
Canada,1796.0,18
Ukraine,1791.0,-18
Panama,1725.0,2
United States,1713.0,-10
Romania,1677.0,-8
Slovakia,1677.0,-7
Costa Rica,1653.0,1
Albania,1639.0,6
New Zealand,1611.0,15
Ivory Coast,1576.0,-15
South Africa,1570.0,10
Jamaica,1569.0,0
Honduras,1561.0,1
Haiti,1558.0,4
Northern Ireland,1554.0,-2
Finland,1532.0,-8
Bosnia and Herzegovina,1525.0,0
Mozambique,1478.0,-17
El Salvador,1394.0,1
Tanzania,1383.0,-26
Kenya,1372.0,-6
Azerbaijan,1369.0,1
Zimbabwe,1360.0,-10
Madagascar,1325.0,26
Lithuania,1294.0,4
Latvia,1289.0,-1
Malta,1252.0,-4
Chad,1154.0,6
Mauritius,1075.0,17
Andorra,1066.0,0
Belize,1056.0,-2
Aruba,917.0,-4
San Marino,845.0,0
Cayman Islands,820.0,-1
Bahamas,782.0,-1
British Virgin Islands,627.0,0
Anguilla,617.0,-1
Argentina,2132.0,-14
Brazil,2002.0,7
England,1984.0,-27
Netherlands,1975.0,1
Colombia,1950.0,14
Ecuador,1906.0,-4
Uruguay,1901.0,12
Denmark,1864.0,1
Japan,1857.0,3
Austria,1845.0,0
Switzerland,1845.0,18
Greece,1838.0,2
Serbia,1838.0,0
Turkey,1836.0,-11
Paraguay,1825.0,-7
Mexico,1813.0,11
Iran,1800.0,3
Ukraine,1799.0,8
Russia,1793.0,9
Canada,1785.0,-11
Senegal,1784.0,27
Australia,1776.0,17
South Korea,1770.0,3
Sweden,1760.0,6
Slovenia,1752.0,3
Venezuela,1745.0,-12
Peru,1744.0,4
Panama,1729.0,4
Uzbekistan,1708.0,13
Algeria,1704.0,-6
Hungary,1701.0,4
United States,1695.0,-18
Chile,1689.0,-28
Poland,1682.0,-24
Romania,1681.0,4
Slovakia,1665.0,-12
Bolivia,1663.0,28
Costa Rica,1658.0,5
Ireland,1633.0,-2
Israel,1629.0,12
Albania,1627.0,-12
Jordan,1625.0,-32
New Zealand,1603.0,-8
Saudi Arabia,1591.0,-17
Jamaica,1588.0,19
Ivory Coast,1587.0,11
Honduras,1562.0,1
Northern Ireland,1561.0,7
South Africa,1558.0,-12
Finland,1556.0,24
Iceland,1550.0,-7
Iraq,1550.0,32
Angola,1543.0,7
United Arab Emirates,1538.0,-7
Bosnia and Herzegovina,1522.0,-3
Qatar,1519.0,-13
Oman,1501.0,-3
Haiti,1499.0,-59
Belarus,1492.0,-9
Guatemala,1481.0,-19
Palestine,1461.0,3
Luxembourg,1455.0,2
Bulgaria,1451.0,-2
Bahrain,1448.0,-19
Syria,1444.0,4
Mozambique,1432.0,-46
Suriname,1411.0,5
China,1403.0,19
Zimbabwe,1398.0,38
Trinidad and Tobago,1395.0,-5
Curaçao,1390.0,59
El Salvador,1389.0,-5
Namibia,1380.0,24
Kenya,1376.0,4
North Korea,1376.0,-3
Azerbaijan,1365.0,-4
Indonesia,1357.0,-3
Thailand,1351.0,-36
Niger,1337.0,1
Mauritania,1331.0,-1
Kyrgyzstan,1331.0,7
Lebanon,1327.0,-12
Nicaragua,1325.0,-4
Vietnam,1321.0,-38
Latvia,1301.0,12
Cyprus,1299.0,-4
Lithuania,1293.0,-1
Kuwait,1293.0,-3
Malaysia,1292.0,38
Burundi,1291.0,1
Dominican Republic,1289.0,7
Tajikistan,1288.0,-3
Guyana,1263.0,7
Malawi,1256.0,-7
Turkmenistan,1252.0,36
Malta,1251.0,-1
Cuba,1225.0,-31
Lesotho,1221.0,-24
Bermuda,1169.0,31
Chad,1150.0,-4
Hong Kong,1148.0,16
India,1142.0,-16
Saint Vincent and the Grenadines,1140.0,-16
Puerto Rico,1134.0,16
Philippines,1133.0,3
Yemen,1120.0,12
Grenada,1106.0,24
Mauritius,1094.0,19
Singapore,1082.0,18
Andorra,1066.0,0
Afghanistan,1055.0,-4
Saint Lucia,1038.0,10
Saint Kitts and Nevis,1025.0,-24
Montserrat,971.0,-7
Dominica,970.0,-7
Myanmar,950.0,9
Barbados,938.0,-10
Nepal,924.0,-29
Antigua and Barbuda,909.0,-1
Bangladesh,907.0,-18
Taiwan,881.0,-36
San Marino,845.0,0
Maldives,841.0,-31
Pakistan,813.0,-9
Sri Lanka,778.0,36
Laos,715.0,29
East Timor,691.0,31
Brunei,670.0,13
Bhutan,621.0,-13
Argentina,2109.0,-27
France,2067.0,1
Portugal,2041.0,8
England,2019.0,35
Colombia,1981.0,24
Brazil,1976.0,-32
Ecuador,1934.0,27
Uruguay,1907.0,-7
Norway,1870.0,2
Japan,1863.0,-19
Mexico,1859.0,-3
Austria,1855.0,9
Paraguay,1844.0,20
Serbia,1806.0,-35
Senegal,1802.0,15
Canada,1797.0,11
Australia,1791.0,12
South Korea,1774.0,3
Ukraine,1773.0,-15
Wales,1724.0,-11
Venezuela,1717.0,-24
Peru,1711.0,-20
United States,1698.0,19
Hungary,1695.0,-8
Chile,1690.0,7
Bolivia,1688.0,32
Costa Rica,1666.0,-14
Egypt,1665.0,-4
Romania,1650.0,-13
Jordan,1634.0,3
Albania,1631.0,3
Ireland,1603.0,-28
Ivory Coast,1589.0,-2
New Zealand,1588.0,-12
Honduras,1585.0,7
Nigeria,1584.0,3
Cameroon,1579.0,-18
Democratic Republic of Congo,1577.0,-15
Angola,1571.0,2
Jamaica,1569.0,11
Iceland,1562.0,-1
Cape Verde,1543.0,18
South Africa,1527.0,-3
Bosnia and Herzegovina,1516.0,-9
Burkina Faso,1508.0,4
Haiti,1488.0,14
Gabon,1464.0,2
Benin,1445.0,17
Gambia,1443.0,19
Armenia,1412.0,28
Curaçao,1408.0,5
Trinidad and Tobago,1389.0,-11
Sudan,1374.0,-17
Azerbaijan,1367.0,15
Tanzania,1363.0,-28
Namibia,1363.0,10
Niger,1362.0,28
Togo,1360.0,17
Estonia,1356.0,-8
Zimbabwe,1355.0,-24
Sierra Leone,1353.0,26
Kenya,1341.0,3
Mauritania,1341.0,-15
Rwanda,1341.0,24
Nicaragua,1331.0,-7
Cyprus,1311.0,13
Latvia,1295.0,-3
Dominican Republic,1287.0,-3
Burundi,1268.0,-19
Malta,1260.0,1
Ethiopia,1250.0,-26
Lesotho,1198.0,-17
Bermuda,1151.0,-5
South Sudan,1139.0,15
Mauritius,1084.0,-2
Andorra,1074.0,8
Singapore,1073.0,-6
Sao Tome and Principe,1024.0,-10
Myanmar,956.0,6
Maldives,869.0,-1
Seychelles,845.0,-3
San Marino,841.0,-1
Sri Lanka,750.0,1
Moldova,,-2
Spain,2171.0,-17
Colombia,1998.0,8
Brazil,1979.0,-8
Ecuador,1933.0,4
Switzerland,1897.0,-5
Uruguay,1890.0,-24
Turkey,1880.0,17
Japan,1878.0,5
Denmark,1864.0,-34
Belgium,1849.0,0
Mexico,1835.0,-11
Paraguay,1833.0,11
Morocco,1828.0,2
Austria,1818.0,-16
Senegal,1803.0,3
Canada,1802.0,12
Scotland,1790.0,34
South Korea,1784.0,2
Australia,1774.0,-8
Greece,1761.0,-14
Iran,1754.0,-1
United States,1747.0,24
Panama,1742.0,4
Uzbekistan,1735.0,1
Chile,1731.0,10
Algeria,1718.0,15
Wales,1715.0,22
Venezuela,1715.0,-12
Kosovo,1714.0,5
Peru,1698.0,-10
Slovenia,1695.0,4
Bolivia,1675.0,-5
Sweden,1660.0,-4
Georgia,1650.0,-28
Tunisia,1650.0,8
Romania,1642.0,0
Costa Rica,1633.0,-10
Mali,1612.0,0
Jordan,1610.0,0
Ivory Coast,1607.0,16
Iraq,1596.0,12
North Macedonia,1592.0,-22
New Zealand,1586.0,-4
Saudi Arabia,1579.0,-15
Bosnia and Herzegovina,1571.0,16
Honduras,1567.0,10
Angola,1566.0,3
Burkina Faso,1547.0,13
Haiti,1542.0,15
United Arab Emirates,1533.0,-12
Guatemala,1528.0,18
Jamaica,1527.0,-10
Ghana,1509.0,-2
Belarus,1496.0,14
Oman,1492.0,-16
Guinea,1485.0,-2
Curaçao,1467.0,10
Bulgaria,1452.0,28
Syria,1449.0,4
Suriname,1441.0,-18
Benin,1436.0,-13
Uganda,1433.0,-2
Gambia,1424.0,-3
Kazakhstan,1410.0,-11
Niger,1403.0,2
Trinidad and Tobago,1402.0,-17
Faroe Islands,1380.0,11
Thailand,1367.0,4
Zambia,1364.0,-3
Estonia,1359.0,18
Lebanon,1351.0,2
Kenya,1344.0,-3
Martinique,1340.0,2
Nicaragua,1328.0,-15
El Salvador,1324.0,-4
Malaysia,1314.0,2
Kuwait,1310.0,3
Cyprus,1302.0,-18
Tajikistan,1297.0,2
Dominican Republic,1294.0,-2
Guyana,1275.0,10
Malawi,1252.0,9
Turkmenistan,1217.0,4
Lesotho,1215.0,-9
Philippines,1155.0,15
Yemen,1137.0,4
Hong Kong,1136.0,-29
Singapore,1131.0,29
India,1123.0,-28
Bermuda,1121.0,17
Belize,1103.0,34
Saint Kitts and Nevis,1005.0,-34
Bangladesh,940.0,28
Nepal,917.0,-2
Liechtenstein,900.0,0
Antigua and Barbuda,895.0,-10
Taiwan,866.0,-4
Maldives,841.0,-15
San Marino,833.0,0
Pakistan,828.0,-4
Sri Lanka,780.0,-4
East Timor,682.0,-2
Brunei,655.0,-2
Bhutan,614.0,-4
Spain,2171.0,0
Argentina,2113.0,0
France,2062.0,0
England,2042.0,0
Colombia,1998.0,0
Brazil,1979.0,0
Portugal,1976.0,0
Netherlands,1959.0,0
Ecuador,1933.0,0
Croatia,1933.0,0
Norway,1922.0,0
Germany,1910.0,0
Switzerland,1897.0,0
Uruguay,1890.0,0
Turkey,1880.0,0
Japan,1878.0,0
Denmark,1864.0,0
Italy,1859.0,0
Belgium,1849.0,0
Mexico,1835.0,0
Paraguay,1833.0,0
Morocco,1830.0,0
Austria,1818.0,0
Senegal,1803.0,0
Canada,1802.0,0
Ukraine,1802.0,0
Scotland,1790.0,0
South Korea,1784.0,0
Russia,1782.0,0
Australia,1774.0,0
Serbia,1769.0,0
Greece,1761.0,0
Iran,1754.0,0
United States,1747.0,0
Panama,1742.0,0
Poland,1735.0,0
Uzbekistan,1735.0,0
Czechia,1731.0,0
Chile,1731.0,0
Algeria,1726.0,0
Wales,1715.0,0
Venezuela,1715.0,0
Kosovo,1714.0,0
Hungary,1698.0,0
Peru,1698.0,0
Slovenia,1695.0,0
Ireland,1688.0,0
Slovakia,1687.0,0
Jordan,1687.0,0
Bolivia,1675.0,0
Albania,1664.0,0
Sweden,1660.0,0
Georgia,1650.0,0
Romania,1642.0,0
Tunisia,1641.0,0
Costa Rica,1633.0,0
Israel,1631.0,0
Nigeria,1627.0,0
Democratic Republic of Congo,1616.0,0
Mali,1612.0,0
Saudi Arabia,1612.0,0
Ivory Coast,1607.0,0
Northern Ireland,1602.0,0
North Macedonia,1592.0,0
Egypt,1591.0,0
New Zealand,1586.0,0
Iraq,1582.0,0
Bosnia and Herzegovina,1571.0,0
Honduras,1567.0,0
Iceland,1566.0,0
Angola,1566.0,0
Cape Verde,1560.0,0
Cameroon,1559.0,0
United Arab Emirates,1549.0,0
Burkina Faso,1547.0,0
Haiti,1542.0,0
South Africa,1531.0,0
Guatemala,1528.0,0
Jamaica,1527.0,0
Finland,1509.0,0
Ghana,1509.0,0
Belarus,1496.0,0
Oman,1490.0,0
Syria,1486.0,0
Guinea,1485.0,0
Palestine,1470.0,0
Curaçao,1467.0,0
Gabon,1467.0,0
Northern Cyprus,1456.0,0
Bulgaria,1452.0,0
Montenegro,1444.0,0
Suriname,1441.0,0
Equatorial Guinea,1437.0,0
Benin,1436.0,0
Uganda,1433.0,0
Qatar,1427.0,0
Kurdistan,1425.0,0
Gambia,1424.0,0
Libya,1424.0,0
Bahrain,1417.0,0
Kazakhstan,1410.0,0
China,1403.0,0
Niger,1403.0,0
Trinidad and Tobago,1402.0,0
Luxembourg,1395.0,0
Armenia,1389.0,0
Mozambique,1389.0,0
Faroe Islands,1380.0,0
North Korea,1376.0,0
Madagascar,1369.0,0
Thailand,1367.0,0
Zambia,1364.0,0
Estonia,1359.0,0
Comoros,1359.0,0
Zimbabwe,1352.0,0
Sudan,1352.0,0
Reunion,1345.0,0
Kenya,1344.0,0
Sierra Leone,1344.0,0
Indonesia,1341.0,0
Martinique,1340.0,0
Togo,1340.0,0
Azerbaijan,1339.0,0
Guadeloupe,1338.0,0
Lebanon,1332.0,0
Kuwait,1330.0,0
Vietnam,1329.0,0
Nicaragua,1328.0,0
Tanzania,1325.0,0
El Salvador,1324.0,0
Zanzibar,1319.0,0
Botswana,1319.0,0
Malaysia,1314.0,0
Kyrgyzstan,1313.0,0
Namibia,1311.0,0
Mauritania,1310.0,0
Rwanda,1310.0,0
Cyprus,1302.0,0
Liberia,1299.0,0
Tajikistan,1297.0,0
New Caledonia,1295.0,0
Dominican Republic,1294.0,0
Latvia,1286.0,0
Malta,1279.0,0
Lithuania,1276.0,0
Guyana,1275.0,0
Ethiopia,1264.0,0
Malawi,1252.0,0
Guinea-Bissau,1244.0,0
Burundi,1238.0,0
Central African Republic,1238.0,0
Cuba,1230.0,0
French Guiana,1221.0,0
Turkmenistan,1217.0,0
Mayotte,1216.0,0
Lesotho,1215.0,0
Eswatini,1210.0,0
Congo,1206.0,0
Tahiti,1178.0,0
Saint Vincent and the Grenadines,1174.0,0
Philippines,1155.0,0
Yemen,1150.0,0
Eritrea,1141.0,0
Hong Kong,1136.0,0
Papua New Guinea,1136.0,0
Puerto Rico,1134.0,0
South Sudan,1133.0,0
Singapore,1131.0,0
India,1123.0,0
Grenada,1122.0,0
Bermuda,1121.0,0
Chad,1119.0,0
Vanuatu,1114.0,0
Fiji,1109.0,0
Belize,1103.0,0
Solomon Islands,1091.0,0
Mauritius,1090.0,0
Andorra,1083.0,0
Sao Tome and Principe,1055.0,0
Afghanistan,1033.0,0
Gibraltar,1017.0,0
Saint Lucia,1008.0,0
Saint Kitts and Nevis,1005.0,0
Saint Martin,1004.0,0
Somaliland,1002.0,0
Western Sahara,996.0,0
Montserrat,971.0,0
Somalia,961.0,0
Sint Maarten,957.0,0
Aruba,949.0,0
Greenland,946.0,0
Myanmar,944.0,0
Dominica,940.0,0
Bangladesh,940.0,0
Barbados,921.0,0
Nepal,917.0,0
Djibouti,915.0,0
Monaco,903.0,0
Liechtenstein,900.0,0
Antigua and Barbuda,895.0,0
Taiwan,866.0,0
Cambodia,846.0,0
Seychelles,841.0,0
Maldives,841.0,0
San Marino,833.0,0
Pakistan,828.0,0
Bonaire,822.0,0
Cayman Islands,806.0,0
Chagos Islands,785.0,0
Sri Lanka,780.0,0
Tuvalu,757.0,0
Sint Eustatius,737.0,0
Mongolia,730.0,0
Samoa,729.0,0
Saint Barthelemy,725.0,0
Bahamas,719.0,0
Guam,714.0,0
Laos,707.0,0
Wallis and Futuna,701.0,0
British Virgin Islands,693.0,0
Vatican,692.0,0
Saba,691.0,0
East Timor,682.0,0
Saint Pierre and Miquelon,677.0,0
Turks and Caicos Islands,657.0,0
Brunei,655.0,0
Anguilla,646.0,0
Tibet,628.0,0
Cook Islands,622.0,0
US Virgin Islands,617.0,0
Bhutan,614.0,0
Macao,595.0,0
Christmas Island,578.0,0
Falkland Islands,571.0,0
Federated States of Micronesia,563.0,0
Marshall Islands,559.0,0
Kiribati,544.0,0
Tonga,520.0,0
Niue,496.0,0
Northern Mariana Islands,432.0,0
Cocos Islands,422.0,0
Palau,402.0,0
Eastern Samoa,389.0,0
Moldova,0.0,0
